Công ty,Năm,B1,B2,B3,B4,B5,B6,B7,B8,B9,B10,B11,B12,B13,B14,B15,B16,B17,B18,B19,B20,B21,B22,B23,B24
1,2015,49005.228,-29690.259,19314.969,3962.354,-1625.823,2336.531,293.971,-62.986,11.294,3537.553,-1168.16,2369.393,448.992,24712.164,-11087.176,13624.988,-5676.332,7948.656,-1571.9,0,-1571.9,6376.756,-554.493,5822.263
1,2016,62600.277,-39165.682,23434.595,4490.151,-1981.011,2509.14,534.468,455.425,402.957,3785.164,-1902.181,1882.983,1214.488,30434.056,-13526.621,16907.435,-9198.824,7708.611,-1496.525,16.77,-1479.755,6228.856,-91.305,6137.551
1,2017,78628.515,-47673.184,30955.331,5611.617,-2645.847,2965.77,668.128,481.615,331.341,4594.254,-1315.256,3278.998,335.537,39016.72,-15504.237,23512.483,-14847.306,8665.177,-1757.94,38.349,-1719.591,6945.586,-158.876,6786.71
1,2018,90074.018,-55118.154,34955.864,6801.845,-3251.046,3550.799,1039.685,645.456,234.077,5337.309,-1522.134,3815.175,242.006,44483.062,-16116.922,28366.14,-18893.635,9472.505,-1926.628,-4.044,-1930.672,7541.833,-183.964,7357.869
1,2019,100747.225,-64769.417,35977.808,7871.837,-3605.506,4266.331,1494.696,325.524,481.222,6517.869,-1156.695,5361.174,214.485,48121.24,-17257.115,30864.125,-20131.916,10732.209,-2162.657,-21.795,-2184.452,8547.757,-179.266,8368.491
1,2020,100687.502,-64890.703,35796.799,8618.09,-3351.709,5266.381,1732.324,478.668,1516.137,7992.789,-2900.221,5092.568,154.267,50037.144,-17692.96,32344.184,-23317.941,9026.243,-1799.378,-3.3,-1802.678,7223.565,-226.943,6996.622
1,2021,101007.908,-54184.6,46823.308,10370.092,-3755.811,6614.281,1896.154,586.241,207.341,8957.444,-2778.592,6178.852,187.622,62493.799,-19465.321,43028.478,-29480.827,13547.651,-2707.403,1.023,-2706.38,10841.271,-301.133,10540.138
1,2022,121110.719,-65041.035,56069.684,10344.181,-4696.116,5648.065,3136.613,-31.664,258.467,6526.421,-2316.094,4210.327,290.952,69582.444,-22557.474,47024.97,-24015.485,23009.485,-4604.52,15.049,-4589.471,18420.014,-261.512,18158.502
1,2023,152761.316,-96625.75,56135.566,11893.4,-5323.53,6569.87,4707.371,305.396,2871.74,6542.525,-4474.726,2067.799,355.275,73013.017,-25080.598,47932.419,-20343.515,27588.904,-5615.711,3.948,-5611.763,21977.141,-472.223,21504.918
1,2024,138288.411,-80280.835,58007.576,13465.312,-6390.867,7074.445,5361.499,284.513,4900.33,9191.893,-4205.132,4986.761,445.742,81060.866,-27966.817,53094.049,-21109.18,31984.869,-6384.627,3.795,-6380.832,25604.037,-464,25140.037
2,2015,42471.731,-23632.746,18838.985,2650.863,-1190.961,1459.902,19.767,129.177,52.807,4108.124,-1905.838,2202.286,40.96,22743.884,-10719.457,12024.427,-4678.986,7345.441,-1628.563,0,-1628.563,5716.878,-18.957,5697.921
2,2016,52990.698,-30585.706,22404.992,3334.497,-1636.472,1698.025,685.139,183.919,40.955,2546.328,-1247.565,1298.763,150.475,26462.268,-12870.682,13591.586,-5022.104,8569.482,-1711.921,0.289,-1711.632,6857.85,-19.984,6837.866
2,2017,65277.199,-38204.212,27072.987,4302.331,-2447.131,1855.2,709.966,324.668,-80.869,3233.912,-1239.04,1994.872,743.046,32619.87,-15069.777,17550.093,-8343.899,9206.194,-1747.409,0.117,-1747.292,7458.902,-26.539,7432.363
2,2018,73869.866,-51658.034,22211.832,5963.79,-3193.013,2770.777,709.869,271.475,218.321,2914.313,-1025.298,1889.015,374.238,28445.527,-14084.04,14361.487,-7802.854,6558.633,-1272.578,-8.809,-1281.387,5277.246,-2.443,5274.803
2,2019,82742.771,-49543.734,33199.037,7888.13,-3832.752,4055.378,1564.3,365.564,-790.728,2357.43,-859.995,1497.435,628.4,40519.386,-15734.862,24784.524,-13003.531,11780.993,-2286.552,-17.452,-2304.004,9476.989,-15.722,9461.267
2,2020,83677.717,-48096.888,35580.829,8342.502,-4001.586,4340.916,1999.721,601.275,360.95,2694.931,-785.226,1909.705,524.038,45317.434,-16085.348,29232.086,-12147.237,17084.849,-3315.063,-12.552,-3327.615,13757.234,-63.646,13693.588
2,2021,84628.302,-42839.837,41788.465,9572.678,-4612.172,4960.506,1812.484,495.864,223.865,4516.269,-1118.203,3398.066,477.382,53156.632,-17185.85,35970.782,-18381.626,17589.156,-3412.16,38.346,-3373.814,14215.342,-126.582,14088.76
2,2022,104664.634,-56872.679,47791.955,11549.069,-5687.12,5861.949,3555.521,-112.163,-30.184,7506.525,-969.157,6537.368,512.244,64116.69,-19007.454,45109.236,-24163.177,20946.059,-4110.614,-0.451,-4111.065,16834.994,-59.92,16775.074
2,2023,132671.737,-79714.259,52957.478,12384.836,-5271.107,7113.729,4248.109,292.626,-154.121,7080.218,-1277.142,5803.076,287.268,70548.165,-20443.499,50104.666,-25115.141,24989.525,-4944.844,-0.059,-4944.903,20044.622,-141.072,19903.55
2,2024,124460.685,-62057.891,62402.794,12232.801,-5536.813,6695.988,4196.682,91.829,-288.044,10687.733,-2268.947,8418.786,390.648,81908.683,-22545.929,59362.754,-27598.829,31763.925,-6285.898,4.54,-6281.358,25482.567,-134.352,25348.215
3,2015,57570.547,-32917.854,24652.693,3633.676,-1511.5,2122.176,425.868,2.046,52.678,3793.806,-487.592,3306.214,275.457,30837.132,-16006.1,14831.032,-11647.754,3183.278,-840.533,30.006,-810.527,2372.751,14.452,2387.203
3,2016,68167.713,-39829.781,28337.932,4204.936,-1624.301,2580.635,517.203,-152.563,-245.904,4854.535,-514.487,4340.048,47.256,35424.607,-18410.421,17014.186,-13133.029,3881.157,-851.607,-39.81,-891.417,2989.74,50.063,3039.803
3,2017,79922.306,-46245.007,33677.299,5006.303,-1944.294,3062.009,532.407,-1.321,180.186,5554.721,-480.676,5074.045,127.569,42652.194,-19501.619,23150.575,-18643.207,4507.368,-970.477,-16.29,-986.767,3520.601,-73.269,3447.332
3,2018,94071.333,-53194.016,40877.317,6177.333,-2414.217,3763.116,704.649,6.255,52.965,8602.322,-578.499,8023.823,-286.089,53142.036,-24078.246,29063.79,-21718.308,7345.482,-1558.693,-17.265,-1575.958,5769.524,-93.624,5675.9
3,2019,106467.763,-63807.119,42660.644,7276.122,-2685.087,4591.035,1030.125,9.332,-24.754,11685.423,-679.393,11006.03,8.905,59281.317,-24594.101,34687.216,-20570.686,14116.53,-2829.365,-39.387,-2868.752,11247.778,-125.341,11122.437
3,2020,112285.726,-68625.103,43660.623,7962.087,-2784.588,5177.499,939.766,-10.268,141.316,8786.052,-678.604,8107.448,36.051,58052.435,-26117.208,31935.227,-18732.286,13202.941,-2663.621,-22.516,-2686.137,10516.804,-161.919,10354.885
3,2021,109765.749,-62724.584,47041.165,8773.309,-3668.35,5104.959,1515.012,-123.534,309.926,9072.731,-814.819,8257.912,0.784,62106.224,-24801.001,37305.223,-22047.625,15257.598,-3001.537,4.971,-2996.566,12261.032,-228.859,12032.173
3,2022,128036.986,-67847.444,60189.542,9150.552,-4383.232,4767.32,2857.814,14.305,136.781,10821.085,-978.873,9842.212,52.587,77860.561,-28150.016,49710.545,-27171.92,22538.625,-4502.262,6.637,-4495.625,18043,-143.743,17899.257
3,2023,153631.519,-97666.782,55964.737,9467.252,-4901.464,4565.788,2006.773,4.748,2976.98,11342.781,-813.584,10529.197,90.439,76138.662,-30932.407,45206.255,-19347.073,25859.182,-5164.286,0.905,-5163.381,20695.801,-154.727,20541.074
3,2024,140271.366,-73717.25,66554.116,9806.607,-4780.864,5025.743,4538.643,14.91,-93.131,12011.929,-1558.005,10453.924,2.265,86496.47,-32263.408,54233.062,-26658.287,27574.775,-5510.173,2.673,-5507.5,22067.275,-131.997,21935.278
4,2015,31360.729,-15907.697,15453.032,3557.304,-1684.656,1872.648,1572.574,197.475,152.354,2140.55,-235.271,1905.279,48.435,21201.797,-8306.249,12895.548,-6068.091,6827.457,-1495.1,-0.29,-1495.39,5332.067,-18.139,5313.928
4,2016,37718.211,-19185.461,18532.75,4326.483,-2219.778,2106.705,1850.118,495.768,-89.416,2294.727,-376.349,1918.378,71.556,24885.859,-9939.012,14946.847,-6368.807,8578.04,-1683.093,0,-1683.093,6894.947,-19.276,6875.671
4,2017,46158.768,-24221.222,21937.546,5378.176,-2839.967,2538.209,2042.417,476.4,-19.742,2355.831,-256.301,2099.53,331.761,29406.121,-11866.345,17539.776,-6198.415,11341.361,-2234.378,3.605,-2230.773,9110.588,-19.518,9091.07
4,2018,55863.951,-27455.435,28408.516,7022.155,-3619.663,3402.492,2266.429,250.462,0,3515.904,-281.539,3234.365,1716.169,39278.433,-13611.094,25667.339,-7398.113,18269.226,-3648.356,1.192,-3647.164,14622.062,-16.484,14605.578
4,2019,67724.19,-33146.84,34577.35,9002.507,-4695.663,4306.844,3378.274,145.982,7.04,3427.765,-357.97,3069.795,245.096,45730.381,-15817.575,29912.806,-6790.429,23122.377,-4992.464,396.075,-4596.389,18525.988,-15.09,18510.898
4,2020,69205.134,-32919.659,36285.475,10588.163,-3980.846,6607.317,3906.399,1.81,-0.098,2544.714,-744.461,1800.253,461.385,49062.541,-16038.25,33024.291,-9974.73,23049.561,-5081.068,504.025,-4577.043,18472.518,-21.207,18451.311
4,2021,70749.002,-28349.385,42399.617,11286.516,-3879.443,7407.073,4374.82,104.114,-85.126,3100.37,-707.109,2393.261,129.81,56723.569,-17574.188,39149.381,-11760.801,27388.58,-4547.363,-902.172,-5449.535,21939.045,-20.232,21918.813
4,2022,88112.7,-34866.222,53246.478,12425.007,-5585.907,6839.1,5768.445,-115.194,81.595,2928.339,-874.378,2053.961,208.436,68082.821,-21250.512,46832.309,-9464.218,37368.091,-8406.86,957.823,-7449.037,29919.054,-20.04,29899.014
4,2023,108122.278,-54501.409,53620.869,12632.739,-6853.016,5779.723,5660.028,124.217,0,4050.144,-1777.975,2272.169,266.456,67723.462,-21914.899,45808.563,-4564.876,41243.687,-8079.401,-109.838,-8189.239,33054.448,-21.245,33033.203
4,2024,93654.841,-38249.106,55405.735,13143.005,-8006.444,5136.561,5291.751,62.123,3.444,4468.806,-2097.103,2371.703,307.179,68578.496,-23027.363,45551.133,-3314.998,42236.135,-8526.496,143.478,-8383.018,33853.117,-21.731,33831.386
5,2015,14081.792,-8198.265,5883.527,1020.989,-275.763,745.226,120.624,14.544,-807.6,275.511,-33.028,242.483,21.485,6220.289,-4021.683,2198.606,-884.455,1314.151,-283.828,-2.091,-285.919,1028.232,0,1028.232
5,2016,16448.249,-9556.36,6891.889,1274.131,-329.749,944.382,230.096,72.083,-885.963,296.285,-11.081,285.204,24.811,7562.502,-4677.889,2884.613,-1217.587,1667.026,-338.59,-3.262,-341.852,1325.174,0,1325.174
5,2017,20319.639,-11861.885,8457.754,1574.668,-386.337,1188.331,236.729,25.305,603.079,952.439,-60.797,891.642,36.069,11438.909,-6217.359,5221.55,-2565.343,2656.207,-556.141,18.065,-538.076,2118.131,0,2118.131
5,2018,24015.362,-13652.442,10362.92,2094.599,-597.073,1497.526,241.39,-78.329,168.534,1952.302,-137.531,1814.771,26.387,14033.199,-6712.217,7320.982,-932.411,6388.571,-1299.419,47.9,-1251.519,5137.052,0,5137.052
5,2019,28317.522,-16205.362,12112.16,2708.759,-812.267,1896.492,430.325,75.206,54.322,1546.194,-46.054,1500.14,28.708,16097.353,-8307.596,7789.757,-273.821,7515.936,-1463.537,-42.462,-1505.999,6009.937,0,6009.937
5,2020,31855.748,-17273.625,14582.123,2803.484,-1108.83,1694.654,687.187,166.503,732.115,495.459,-215.809,279.65,19.077,18161.309,-7624.268,10537.041,-941.153,9595.888,-1940.681,27.616,-1913.065,7682.823,0,7682.823
5,2021,33713.81,-14769.018,18944.792,4026.46,-1132.497,2893.963,871.556,449.96,244.051,703.159,-563.696,139.463,20.212,23563.997,-8229.776,15334.221,-3336.109,11998.112,-2389.079,-6.287,-2395.366,9602.746,0,9602.746
5,2022,40698.834,-17165.305,23533.529,5057.559,-1531.315,3526.244,1048.369,-387.873,20.648,1110.494,-120.8,989.694,59.456,28790.067,-11605.045,17185.022,-70.814,17114.208,-3445.611,19.596,-3426.015,13688.193,0,13688.193
5,2023,52346.796,-27387.226,24959.57,4945.751,-2023.414,2922.337,1110.105,168.383,2647.14,1197.217,-333.846,863.371,75.61,32746.516,-10874.286,21872.23,-1804.231,20067.999,-3993.022,-30.244,-4023.266,16044.733,0,16044.733
5,2024,50902.749,-23108.047,27794.702,5464.958,-2226.173,3238.785,1170.752,200.357,450.312,1266.132,-642.495,623.637,36.214,33514.759,-10902.603,22612.156,-1606.285,21005.871,-4199.699,-16.404,-4216.103,16789.768,0,16789.768
6,2015,13537.628,-6219.098,7318.53,1527.97,-984.132,543.838,159.048,134.034,0,611.262,-86.523,524.739,91.679,8771.868,-3449.129,5322.739,-2102.068,3220.671,-707.398,-1.139,-708.537,2512.134,-16.141,2495.993
6,2016,15552.477,-7573.533,7978.944,1297.89,-615.25,682.64,113.354,0,101.443,1019.373,-142.554,876.819,102.157,9855.357,-4174.668,5680.689,-2030.104,3650.585,-766.87,-0.164,-767.034,2883.551,28.252,2911.803
6,2017,19876.026,-8657.074,11218.952,3222.839,-2092.163,1130.676,201.772,0,144.445,1633.022,-523.948,1109.074,62.157,13867.076,-5999.239,7867.837,-3252.111,4615.726,-1125.106,-0.205,-1125.311,3490.415,29.212,3519.627
6,2018,24824.365,-10240.868,14583.497,5719.062,-3157.752,2561.31,444.568,151.928,148.561,2421.246,-904.167,1517.079,129.62,19536.563,-8733.802,10802.761,-3035.388,7767.373,-1575.157,-2.315,-1577.472,6189.901,-77.187,6112.714
6,2019,31196.604,-13196.607,17999.997,6420.58,-3234.743,3185.837,647.478,27.48,612.031,2528.554,-429.156,2099.398,78.227,24650.448,-9723.706,14926.742,-4890.623,10036.119,-1959.995,-7.52,-1967.515,8068.604,-245.831,7822.773
6,2020,32767.393,-12489.598,20277.795,8228.173,-4652.62,3575.553,785.809,85.086,865.869,2808.825,-1129.275,1679.55,92.511,27362.173,-10555.457,16806.716,-6118.44,10688.276,-2089.42,7.183,-2082.237,8606.039,-343.38,8262.659
6,2021,38464.932,-12265.378,26199.554,12308.295,-7940.917,4367.378,1331.468,221.236,1445.713,4210.764,-956.45,3254.314,114.835,36934.498,-12377.188,24557.31,-8030.051,16527.259,-3307.574,1.752,-3305.822,13221.437,-524.362,12697.075
6,2022,52485.812,-16462.69,36023.122,14243.734,-10108.166,4135.568,1703.96,141.128,1315.248,3025.807,-884.149,2141.658,131.941,45592.625,-14815.628,30776.997,-8047.677,22729.32,-4582.973,8.838,-4574.135,18155.185,-672.45,17482.735
6,2023,69143.043,-30459.195,38683.848,13137.624,-9052.399,4085.225,1209.825,541.566,300.404,3457.702,-1029.591,2428.111,57.083,47306.062,-14912.941,32393.121,-6087.032,26306.089,-5269.869,17.572,-5252.297,21053.792,-377.004,20676.788
6,2024,69061.893,-27909.674,41152.219,14602.602,-10234.353,4368.249,2000.164,1756.022,2803.105,4658.444,-1377.624,3280.82,52.643,55413.222,-17007.25,38405.972,-9576.644,28829.328,-5888.266,10.202,-5878.064,22951.264,-317.507,22633.757
7,2015,13379.387,-6165.707,7213.68,1815.286,-543.148,1272.138,-192.002,63.4,87.948,1373.267,-485.304,887.963,10.815,9343.942,-3678.848,5665.094,-3627.889,2037.205,-483.862,-24.155,-508.017,1529.188,0,1529.188
7,2016,15736.077,-7593.856,8142.221,2558.99,-603.226,1955.764,240.201,124.78,481.457,1653.25,-679.417,973.833,0.47,11918.726,-4260.995,7657.731,-3661.091,3996.64,-872.808,25.014,-847.794,3148.846,0,3148.846
7,2017,17594.504,-8664.092,8930.412,4519.685,-593.601,3926.084,278.585,396.73,855.76,1963.425,-248.534,1714.891,355.526,16457.988,-4812.465,11645.523,-3609.226,8036.297,-1564.816,-25.886,-1590.702,6445.595,0,6445.595
7,2018,21413.626,-10023.687,11389.939,4188.317,-915.737,3272.58,233.751,168.433,756.585,3147.169,-1513.392,1633.777,894.703,18349.768,-5842.507,12507.261,-1846.245,10661.016,-2185.246,-1.773,-2187.019,8473.997,-11.222,8462.775
7,2019,25016.341,-10758.497,14257.844,4884.408,-1631.055,3253.353,104.581,397.664,1243.759,4425.079,-2618.351,1806.728,4.216,21068.145,-7312.509,13755.636,-917.368,12838.268,-2612.059,0,-2612.059,10226.209,-151.07,10075.139
7,2020,29001.912,-10250.703,18751.209,6048.443,-1859.665,4188.778,0.745,321.397,1496.997,5460.013,-3180.804,2279.209,4.191,27042.526,-8631.195,18411.331,-2611.035,15800.296,-3217.829,0,-3217.829,12582.467,-257.476,12324.991
7,2021,35503.251,-8804.638,26698.613,8239.494,-1857.254,6382.24,231.416,152.305,1804.408,4343.731,-2540.485,1803.246,4.063,37076.291,-11173.395,25902.896,-2664.603,23238.293,-4840.371,17.46,-4822.911,18415.382,-363.132,18052.25
7,2022,44752.636,-14462.861,30289.775,10840.337,-2312.843,8527.494,-275.063,-241.845,425.553,4499.949,-2332.574,2167.375,8.791,40902.08,-13398.018,27504.062,-1936.294,25567.768,-5174.932,43.59,-5131.342,20436.426,-286.049,20150.377
7,2023,56707.759,-29016.639,27691.12,11378.085,-2663.188,8714.897,195.75,64.62,925.833,6459.694,-4025.578,2434.116,34.756,40061.092,-13251.796,26809.296,-3921.068,22888.228,-4706.721,9.359,-4697.362,18190.866,-187.064,18003.802
7,2024,60089.462,-24581.499,35507.963,10961.642,-2919.394,8042.248,592.556,81.301,2359.057,9324.928,-8982.217,342.711,64.561,46990.397,-15369.735,31620.662,-4082.294,27538.368,-5787.711,9.447,-5778.264,21760.104,-237.176,21522.928
8,2015,18758.801,-8405.364,10353.437,1597.313,-712.646,884.667,-290.472,44.587,27.966,957.363,-82.291,875.072,171.054,12066.311,-5692.469,6373.842,-3277.64,3096.202,-700.598,0.264,-700.334,2395.868,0,2395.868
8,2016,25631.116,-10463.257,15167.859,2114.834,-1261.908,852.926,-318.96,-149.384,91.874,1450.885,-232.315,1218.57,0.872,16863.757,-6621.352,10242.405,-5313.094,4929.311,-994.266,0,-994.266,3935.045,0,3935.045
8,2017,34133.371,-13518.945,20614.426,3210.071,-1748.527,1461.544,-158.842,179.638,339.477,3208.782,-672.502,2536.28,53.568,25026.091,-8894.97,16131.121,-8001.058,8130.063,-1689.296,0,-1689.296,6440.767,0,6440.767
8,2018,40280.214,-15578.639,24701.575,3818.797,-2206.301,1612.496,-103.75,-56.821,250.057,5363.874,-682.613,4681.261,0.845,31085.663,-10633.924,20451.739,-11253.231,9198.508,-1842.94,0,-1842.94,7355.568,0,7355.568
8,2019,49874.784,-19204.323,30670.461,5487.466,-2695.847,2791.619,-216.879,284.845,803.159,2682.22,-662.555,2019.665,2.634,36355.504,-12343.718,24011.786,-13687.625,10324.161,-2063.898,0,-2063.898,8260.263,0,8260.263
8,2020,52361.767,-20015.944,32345.823,6166.753,-2810.626,3356.127,-307.207,226.466,1170.731,3441.951,-1205.79,2236.161,5.013,39033.114,-11392.021,27641.093,-14621.638,13019.455,-2605.695,0,-2605.695,10413.76,0,10413.76
8,2021,50827.098,-16478.269,34348.829,6884.061,-2825.03,4059.031,-76.394,8.879,3150.866,5468.704,-2660.916,2807.788,2.476,44301.475,-10718.937,33582.538,-19218.768,14363.77,-2886.6,0,-2886.6,11477.17,244.038,11721.208
8,2022,62200.25,-21179.192,41021.058,10455.695,-4017.943,6437.752,-618.05,-149.194,508.755,13017.039,-2433.072,10583.967,12.801,57797.089,-14115.731,43681.358,-22461.226,21220.132,-4859.848,548.523,-4311.325,16908.807,1259.161,18167.968
8,2023,76557.377,-38382.701,38174.676,12307.787,-5095.905,7211.882,-805.973,380.173,250.032,7774.012,-3248.461,4525.551,3.147,49739.488,-13941.218,35798.27,-24994.374,10803.896,-2984.015,674.29,-2309.725,8494.171,1479.768,9973.939
8,2024,80111.645,-31031.238,49080.407,13201.66,-7075.337,6126.323,827.24,360.956,469.667,9559.809,-4182.147,5377.662,12.801,62255.056,-14339.732,47915.324,-27902.624,20012.7,-3962.779,-63.095,-4025.874,15986.826,-208.031,15778.795
9,2015,11991.798,-8295.644,3696.154,189.988,-92.55,97.438,26.565,4.16,-69.645,304.992,-130.408,174.584,8.564,3937.82,-2078.64,1859.18,-842.126,1017.054,-221.437,-0.461,-221.898,795.156,-0.026,795.13
9,2016,14568.653,-10393.205,4175.448,409.808,-71.743,338.065,102.04,-10.104,10.539,736.223,-371.907,364.316,-14.193,4966.111,-2507.759,2458.352,-1301.913,1156.439,-243.378,0,-243.378,913.061,0.187,913.248
9,2017,18220.214,-13423.554,4796.66,1526.17,-69.305,1456.865,54.247,16.456,-12.372,359.978,-222.486,137.492,2.816,6452.164,-2896.897,3555.267,-1629.956,1925.311,-386.183,0,-386.183,1539.128,0,1539.128
9,2018,22641.366,-17085.464,5555.902,822.989,-109.047,713.942,61.747,0,277.881,251.134,-121.073,130.061,2.202,6741.735,-3222.791,3518.944,-1425.091,2093.853,-421.534,0,-421.534,1672.319,0,1672.319
9,2019,27682.704,-19852.265,7830.439,883.881,-189.775,694.106,156.272,0,464.149,378.101,-136.365,241.736,2.334,9389.036,-3951.732,5437.304,-2410.964,3026.34,-571.851,-36.599,-608.45,2417.89,0,2417.89
9,2020,31287.12,-21353.921,9933.199,749.2,-226.451,522.749,124.713,0,1293.111,452.687,-104.117,348.57,-14.931,12207.411,-4299.189,7908.222,-4640.222,3268,-662.75,1.762,-660.988,2607.012,0,2607.012
9,2021,35606.329,-20035.98,15570.349,908.741,-323.118,585.623,143.539,0,988.41,1133.849,-272.502,861.347,3.75,18153.018,-4405.941,13747.077,-7487.035,6260.042,-1256.692,3.811,-1252.881,5007.161,0,5007.161
9,2022,40773.67,-23223.586,17550.084,1241.869,-351.315,890.554,116.25,0,92.641,807.767,-120.54,687.227,4.226,19340.982,-4391.593,14949.389,-5260.021,9689.368,-1961.243,0.793,-1960.45,7728.918,0,7728.918
9,2023,57589.391,-38304.038,19285.353,912.654,-367.727,544.927,282.207,11.122,27.981,501.021,-67.385,433.636,743.171,21328.397,-5051.539,16276.858,-7037.837,9239.021,-1908.466,-5.797,-1914.263,7324.758,0,7324.758
9,2024,50487.346,-29255.227,21232.119,1569.532,-286.112,1283.42,86.288,3.329,-218.061,1341.801,-186.133,1155.668,29.502,23572.265,-5760.231,17812.034,-6242.792,11569.242,-2261.274,13.981,-2247.293,9321.949,0,9321.949
10,2015,15892.85,-9317.743,6575.107,1740.796,-569.533,1171.263,158.842,11.455,-99.478,479.034,-20.182,458.852,12.675,8288.716,-5154.547,3134.169,-2256.014,878.155,-242.858,12.622,-230.236,647.919,0,647.919
10,2016,17868.402,-13847.705,4020.697,2112.833,-682.789,1430.044,265.028,-0.753,45.835,747.616,-10.652,736.964,32.342,6530.157,-5678.323,851.834,-696.243,155.591,-75.531,8.549,-66.982,88.609,0,88.609
10,2017,21534.204,-16256.169,5278.035,3439.285,-815.454,2623.831,343.879,13.965,157.524,323.744,-8.537,315.207,-87.155,8645.286,-6336.893,2308.393,-816.589,1491.804,-278.137,-32.107,-310.244,1181.56,0,1181.56
10,2018,26295.571,-18661.777,7633.794,3772.038,-1089.894,2682.144,401.278,3.304,21.223,951.03,-18.647,932.383,2.809,11676.935,-7837.83,3839.105,-1592.114,2246.991,-445.711,-11.124,-456.835,1790.156,0,1790.156
10,2019,30476.971,-21296.283,9180.688,4803.443,-1480.453,3322.99,608.748,0,72.764,1485.474,-64.287,1421.187,28.961,14635.338,-9265.703,5369.635,-2152.889,3216.746,-791.542,29.66,-761.882,2454.864,0,2454.864
10,2020,33587.667,-22061.113,11526.554,5476.812,-1732.797,3744.015,809.739,0,94.043,1181.223,-57.491,1123.732,-27.214,17270.869,-10894.615,6376.254,-3036.974,3339.28,-938.56,281.261,-657.299,2681.981,0,2681.981
10,2021,29690.736,-17726.249,11964.487,6430.648,-2088.129,4342.519,737.093,0,163.664,865.198,-408.092,457.106,39.448,17704.317,-9749.916,7954.401,-3554.375,4400.026,-941.026,-47.504,-988.53,3411.496,0,3411.496
10,2022,37390.848,-20243.714,17147.134,8329.935,-3135.855,5194.08,1062.244,0,-19.983,2874.203,-128.854,2745.349,12.466,26141.29,-10920.717,15220.573,-8881.501,6339.072,-1168.567,-129.81,-1298.377,5040.695,0,5040.695
10,2023,55927.329,-33854.996,22072.333,6136.71,-3518.807,2617.903,1099.548,0,33.817,445.447,-118.874,326.573,22.837,26173.011,-12889.906,13283.105,-3688.105,9595,-2016.154,139.77,-1876.384,7718.616,0,7718.616
10,2024,49988.721,-25457.023,24531.698,6121.237,-3142.812,2978.425,1105.728,0,55.547,369.016,-367.937,1.079,4.641,28677.118,-13982.389,14694.729,-1974.364,12720.365,-2787.723,154.853,-2632.87,10087.495,0,10087.495
11,2015,7922.478,-4677.768,3244.71,234.104,-45.997,188.107,25.761,-4.238,48.787,78.663,-59.092,19.571,609.939,4132.637,-2409.584,1723.053,-934.619,788.434,-160.328,2.005,-158.323,630.111,-117.074,513.037
11,2016,11321.302,-6643.222,4678.08,167.32,-49.096,118.224,209.284,82.503,151.159,195.119,-28.428,166.691,12.285,5418.226,-3276.988,2141.238,-993.605,1147.633,-226.81,-6.325,-233.135,914.498,-176.366,738.132
11,2017,14959.081,-8611.781,6347.3,268.64,-72.207,196.433,157.437,5.708,484.895,299.104,-28.939,270.165,43.881,7505.819,-4072.277,3433.542,-1016.76,2416.782,-466.302,3.927,-462.375,1954.407,-207.92,1746.487
11,2018,16797.067,-9151.374,7645.693,541.049,-102.874,438.175,298.315,124.336,341.516,539.625,-56.629,482.996,109.324,9440.355,-4441.456,4998.899,-994.271,4004.628,-780.294,-22.823,-803.117,3201.511,-359.426,2842.085
11,2019,19618.067,-9871.512,9746.555,821.429,-195.553,625.876,229.803,80.459,239.949,474.88,-36.602,438.278,27.069,11387.989,-5080.492,6307.497,-1289.083,5018.414,-1002.077,3.998,-998.079,4020.335,-415.568,3604.767
11,2020,23137.246,-11239.541,11897.705,1088.274,-138.291,949.983,167.656,105.179,139.809,630.093,-111.25,518.843,0.26,13779.435,-6172.829,7606.606,-1788.384,5818.222,-1164.048,-7.077,-1171.125,4647.097,-398.148,4248.949
11,2021,26176.21,-12285.433,13890.777,2127.733,-200.295,1927.438,179.248,100.932,477.213,496.275,-313.638,182.637,0,16758.245,-6382.768,10375.477,-2305.86,8069.617,-1620.18,4.062,-1616.118,6453.499,-399.98,6053.519
11,2022,33323.404,-15311.836,18011.568,3308.455,-351.637,2956.818,134.237,16.986,312.62,588.126,-60.036,528.09,6.785,21967.104,-8630.709,13336.395,-3068.339,10268.056,-2091.986,33.4,-2058.586,8209.47,-459.676,7749.794
11,2023,52640.577,-30456.603,22183.974,2830.168,-642.366,2187.802,564.703,41.723,1167.005,541.644,-282.491,259.153,9.325,26413.685,-9129.202,17284.483,-4267.751,13016.732,-2724.629,43.91,-2680.719,10336.013,-265.115,10070.898
11,2024,57995.528,-27138.452,30857.076,3295.623,-1879.045,1416.578,843.813,68.929,68.253,869.862,-163.991,705.871,71.664,34032.184,-11980.755,22051.429,-5321.434,16729.995,-3561.555,79.208,-3482.347,13247.648,-484.695,12762.953
12,2015,8601.184,-5203.494,3397.69,567.691,-275.65,292.041,62.715,0,-34.163,381.532,-296.39,85.142,-4.062,3799.363,-2304.554,1494.809,-1433.987,60.822,-20.828,0,-20.828,39.994,0,39.994
12,2016,8310.573,-5228.494,3082.079,610.947,-311.095,299.852,259.839,0,24.725,141.892,-74.022,67.87,0.545,3734.91,-2255.214,1479.696,-1089.066,390.63,-81.698,0,-81.698,308.932,0,308.932
12,2017,8950.649,-6282.831,2667.818,619.088,-287.894,331.194,227.832,0,62.621,698.732,-267.622,431.11,107.648,3828.223,-2206.068,1622.155,-604.576,1017.579,-194.749,0,-194.749,822.83,0,822.83
12,2018,9933.493,-6726.598,3206.895,683.591,-336.933,346.658,269.073,0,-116.033,326.97,-101.4,225.57,519.415,4451.578,-2900.904,1550.674,-723.546,827.128,-166.538,0,-166.538,660.59,0,660.59
12,2019,11305.756,-8085.39,3220.366,811.551,-428.015,383.536,364.541,0,229.058,646.791,-362.663,284.128,4.659,4486.288,-2700.748,1785.54,-690.291,1095.249,-229.117,0,-229.117,866.132,0,866.132
12,2020,10818.893,-7505.157,3313.736,904.041,-516.085,387.956,398.614,0,55.408,245.727,-39.703,206.024,3.849,4365.587,-2438.684,1926.903,-667.377,1259.526,-314.846,45.501,-269.345,1070.181,0,1070.181
12,2021,10084.491,-6560.189,3524.302,952.613,-519.748,432.865,394.214,0,99.397,270.604,-16.772,253.832,4.739,4709.349,-2514.159,2195.19,-990.124,1205.066,-203.673,-35.956,-239.629,965.437,0,965.437
12,2022,12170.179,-6578.208,5591.971,1118.987,-605.172,513.815,606.104,0,87.55,530.862,-47.88,482.982,5.643,7288.065,-3475.409,3812.656,-103.59,3709.066,-774.317,11.003,-763.314,2945.752,0,2945.752
12,2023,14699.192,-10102.088,4597.104,1393.614,-879.314,514.3,485.92,0,121.282,930.556,-95.477,835.079,1.148,6554.833,-3140.808,3414.025,-694.399,2719.626,-554.528,0.001,-554.527,2165.099,0,2165.099
12,2024,13234.075,-7310.55,5923.525,2165.867,-1085.567,1080.3,673.796,0,-68.479,1079.063,-131.955,947.108,1.385,8557.635,-3400.146,5157.489,-969.072,4188.417,-861.791,0.178,-861.613,3326.804,0,3326.804
13,2015,9191.71,-7604.795,1586.915,186.456,-147.812,38.644,-70.925,-46.068,561.362,443.322,-161.96,281.362,142.435,2493.725,-1808.858,684.867,-526.835,158.032,-41.758,0,-41.758,116.274,0,116.274
13,2016,6347.548,-4094.906,2252.642,247.272,-154.237,93.035,13.492,-5.575,602.609,1021.4,-223.768,797.632,50.718,3804.553,-1897.097,1907.456,-1743.425,164.031,-24.027,0,-24.027,140.004,0,140.004
13,2017,6123.339,-4521.262,1602.077,324.356,-187.833,136.523,65.208,32.367,1029.818,463.501,-82.118,381.383,0.274,3247.65,-2065.862,1181.788,-1017.359,164.429,-42.397,0,-42.397,122.032,0,122.032
13,2018,7511.446,-4609.175,2902.271,463.072,-191.486,271.586,209.414,-14.406,720.912,660.073,-69.629,590.444,35.889,4716.11,-2923.739,1792.371,-739.595,1052.776,-184.487,0,-184.487,868.289,0,868.289
13,2019,8594.805,-5532.701,3062.104,801.506,-279.253,522.253,155.449,3.447,150.457,930.058,-151.22,778.838,42.606,4715.154,-2502.184,2212.97,-925.148,1287.822,-244.262,0,-244.262,1043.56,0,1043.56
13,2020,10019.692,-5197.303,4822.389,1139.289,-318.619,820.67,269.999,-8.433,560.927,921.833,-205.094,716.739,0.189,7182.48,-3585.922,3596.558,-1073.244,2523.314,-512.216,0.046,-512.17,2011.144,0,2011.144
13,2021,10338.591,-4122.347,6216.244,3248.448,-375.009,2873.439,382.764,2.031,349.636,1254.834,-592.242,662.592,101.536,10588.242,-3931.913,6656.329,-1567.866,5088.463,-1053.738,0.015,-1053.723,4034.74,0,4034.74
13,2022,13252.114,-4930.323,8321.791,1605.101,-492.637,1112.464,1000.441,-2.028,683.122,760.999,-1183.995,-422.996,0.88,10693.674,-4427.964,6265.71,-478.507,5787.203,-1170.979,-0.011,-1170.99,4616.213,0,4616.213
13,2023,18951.085,-9762.57,9188.515,2017.973,-420.948,1597.025,1072.237,-12.705,511.812,610.169,-709.697,-99.528,1.631,12258.987,-4812.331,7446.656,-1616.746,5829.91,-1185.646,-0.05,-1185.696,4644.214,0,4644.214
13,2024,18681.257,-8438.193,10243.064,1834.793,-480.738,1354.055,1055.874,-0.478,273.491,1869.859,-577.625,1292.234,0,14218.24,-5229.935,8988.305,-2084.463,6903.842,-1384.465,0,-1384.465,5519.377,0,5519.377
14,2015,4794.299,-2450.185,2344.114,278.915,-112.812,166.103,-10.503,0,88.991,400.962,-80.609,320.353,20.397,2929.455,-1765.24,1164.215,-509.071,655.144,-140.446,6.368,-134.078,521.066,0,521.066
14,2016,5291.791,-2665.553,2626.238,391.311,-135.674,255.637,24.814,0,149.445,345.24,-27.959,317.281,27.556,3400.971,-2092.628,1308.343,-606.127,702.216,-139.806,-0.678,-140.484,561.732,0,561.732
14,2017,7252.564,-3796.588,3455.976,594.174,-187.283,406.891,-62.888,0,161.34,160.975,-34.212,126.763,1.38,4089.462,-2334.457,1755.005,-349.935,1405.07,-280.779,-0.012,-280.791,1124.279,0,1124.279
14,2018,10085.843,-5260.35,4825.493,1026.934,-292.189,734.745,-25.871,0,35.757,598.878,-83.764,515.114,0.535,6085.773,-2689.716,3396.057,-653.487,2742.57,-548.7,0.051,-548.649,2193.921,0,2193.921
14,2019,13861.218,-7648.003,6213.215,2238.183,-440.883,1797.3,-121.708,0,37.147,287.553,-63.191,224.362,1.766,8152.082,-3437.1,4714.982,-632.725,4082.257,-815.89,0.035,-815.855,3266.402,0,3266.402
14,2020,17437.106,-8940.999,8496.107,2951.979,-563.304,2388.675,20.789,0,25.24,362.288,-79.526,282.762,1.941,11215.514,-4464.872,6750.642,-947.635,5803.007,-1160.511,-0.162,-1160.673,4642.334,0,4642.334
14,2021,20975.011,-9158.864,11816.147,3520.7,-778.748,2741.952,-86.748,0,196.796,280.404,-59.414,220.99,1.766,14890.903,-5281.843,9609.06,-1598.048,8011.012,-1601.262,0,-1601.262,6409.75,0,6409.75
14,2022,27509.339,-12546.784,14962.555,4528.97,-1340.589,3188.381,-275.032,0,-175.843,408.366,-53.484,354.882,2.895,18057.838,-6197.114,11860.724,-1279.609,10581.115,-2112.348,0,-2112.348,8468.767,0,8468.767
14,2023,35567.669,-18207.116,17360.553,4801.297,-1474.516,3326.781,548.47,0,129.73,850.214,-58.6,791.614,3.345,22160.493,-6610.743,15549.75,-4845.805,10703.945,-2140.892,0,-2140.892,8563.053,0,8563.053
14,2024,32442.938,-15692.526,16750.412,3202.927,-1437.468,1765.459,500.968,0,247.967,1518.664,-218.164,1300.5,3.746,20569.052,-7211.292,13357.76,-4353.458,9004.302,-1800.834,1.002,-1799.832,7204.47,0,7204.47
15,2015,3101.097993254,-1770.042726283,1331.055266971,33.123395054,-18.578887323,14.544507731,-35.474108173,1.975724853,101.153344754,48.705495242,-57.496535051,-8.791039809,23.649629039,1428.113325366,-796.62870664,631.484618726,-364.217074616,267.26754411,-57.793073849,0,-57.793073849,209.474470261,0,209.474470261
15,2016,4040.605954179,-2379.925934113,1660.680020066,132.311076183,-34.799945437,97.511130746,-3.005136267,0,-0.261534284,167.943215177,-90.629537916,77.313677261,27.4462099,1859.684367422,-1046.526378638,813.157988784,-329.285922452,483.872066332,-96.956449526,0,-96.956449526,386.915616806,0,386.915616806
15,2017,5612.708027276,-3211.564137216,2401.14389006,237.514566746,-41.894604573,195.619962173,46.999721794,14.777345406,48.694519051,116.450623733,-99.910316707,16.540307026,0.039,2723.81474551,-1445.956693911,1277.858051599,-256.02376315,1021.834288449,-205.06808449,0,-205.06808449,816.766203959,0,816.766203959
15,2018,7656.988766889,-4221.019182442,3435.969584447,388.091382049,-50.329023735,337.762358314,83.519035834,24.327463984,939.235020184,351.33968102,-156.445921279,194.893759741,0.3927,5016.099922504,-1869.767287781,3146.332634723,-944.471229076,2201.861405647,-440.830087065,0,-440.830087065,1761.031318582,0,1761.031318582
15,2019,9638.359257256,-5537.196484058,4101.162773198,617.398436213,-71.601213129,545.797223084,114.400838022,-6.424930001,1093.550271643,818.791639438,-54.339443314,764.452196124,0.216,6613.15437207,-2449.236101393,4163.918270677,-932.794429202,3231.123841475,-648.887617117,0,-648.887617117,2582.236224358,0,2582.236224358
15,2020,10793.397261084,-5811.686078906,4981.711182178,919.453712165,-78.892267876,840.561444289,94.975111343,130.76895,1751.95086409,323.731488152,-112.734049475,210.997438677,1.9018,8012.866790577,-2330.118602224,5682.748188353,-1263.439294228,4419.308894125,-884.536684612,0,-884.536684612,3534.772209513,0,3534.772209513
15,2021,11720.10126815,-5954.516274613,5765.584993537,867.740348909,-83.239622627,784.500726282,99.732528303,123.818226554,1744.618886811,563.511742958,-162.614061354,400.897681604,0,8919.153043091,-2402.923565171,6516.22947792,-997.676515651,5518.552962269,-1113.593994467,0,-1113.593994467,4404.958967802,0,4404.958967802
15,2022,14067.732085064,-7120.149043887,6947.583041177,1124.580409488,-110.406103023,1014.174306465,145.113883664,-77.26501775,-140.196342607,783.661855763,-139.500228447,644.161627316,0,8533.571498265,-3076.802357805,5456.76914046,-1067.461492385,4389.307648075,-879.589703439,0,-879.589703439,3509.717944636,0,3509.717944636
15,2023,18126.740691299,-11361.222432425,6765.518258874001,997.50369224,-115.440748295,882.062943945,389.064968099,1.4963475,646.561649571,1499.9751250289999,-1246.552733976,253.42239105299998,0,8938.126559042,-3171.42503856,5766.701520482,-1627.2253652230002,4139.476155259,-836.173454643,0,-836.173454643,3303.302700616,0,3303.302700616
15,2024,17954.213013236,-9347.544341743,8606.668671493,1073.464718082,-142.48325829299998,930.9814597889999,310.954000786,2.25003,-188.421795033,1021.970746505,-615.3202014220001,406.650545083,0,10069.082912118001,-3803.760652156,6265.322259962,-2259.026320781,4006.295939181,-832.8727124129999,0,-832.8727124129999,3173.423226768,0,3173.423226768
16,2015,6968.76,-4348.857,2619.903,78.543,-72.498,6.045,-10.469,-0.244,10.959,16.757,-155.248,-138.491,0,2487.703,-1563.456,924.247,-502.31,421.937,-72.088,0,-72.088,349.849,0,349.849
16,2016,8907.851,-4884.081,4023.77,164.177,-88.112,76.065,137.811,-0.324,-222.44,5.365,-148.602,-143.237,0,3871.645,-2031.488,1840.157,-492.299,1347.858,-285.072,0,-285.072,1062.786,0,1062.786
16,2017,11509.779,-6282.936,5226.843,190.084,-125.204,64.88,5.659,14.045,370.117,33.169,-611.803,-578.634,0,5102.91,-2813.096,2289.814,-521.728,1768.086,-400,0,-400,1368.086,0,1368.086
16,2018,13856.32,-8840.534,5015.786,331.158,-178.333,152.825,6.914,0,-4.683,58.2,-349.597,-291.397,0,4879.445,-3048.068,1831.377,-618.436,1212.941,-252.988,0,-252.988,959.953,0,959.953
16,2019,16259.848,-10198.972,6060.876,592.483,-199.072,393.411,63.982,4.07,-53.806,90.911,-53.124,37.787,0.275,6506.595,-4032.18,2474.415,-435.591,2038.824,-438.547,0,-438.547,1600.277,0,1600.277
16,2020,17869.155,-11148.984,6720.171,859.823,-233.022,626.801,62.043,33.65,137.734,257.088,-66.676,190.412,0.275,7771.086,-4645.147,3125.939,-699.386,2426.553,-564.645,0,-564.645,1861.908,0,1861.908
16,2021,20925.551,-11908.392,9017.159,1113.896,-256.014,857.882,138.787,4.543,-1.384,199.033,-165.331,33.702,0,10050.689,-5090.421,4960.268,-1322.25,3638.018,-764.77,0,-764.77,2873.248,0,2873.248
16,2022,25225.644,-13325.675,11899.969,2096.512,-434.65,1661.862,10.463,-2.769,345.762,334.327,-133.18,201.147,53.877,14170.311,-5306.893,8863.418,-3173.737,5689.681,-1179.428,0,-1179.428,4510.253,0,4510.253
16,2023,32353.651,-21150.522,11203.129,3905.988,-340.361,3565.627,435.098,30.208,-5.254,490.524,-143.372,347.152,49.345,15625.305,-5759.872,9865.433,-2826.04,7039.393,-1467.147,0,-1467.147,5572.246,0,5572.246
16,2024,34137.034,-18743.291,15393.743,3594.134,-383.135,3210.999,273.305,43.021,-1.462,1246.273,-308.466,937.807,75.017,19932.43,-5810.443,14121.987,-1953.819,12168.168,-2447.268,0,-2447.268,9720.9,0,9720.9
17,2015,4337.09,-3190.529,1146.561,101.263,-60.76,40.503,-22.678,1.497,2.023,7.062,-2.527,4.535,5.457,1177.898,-967.923,209.975,-93.009,116.966,-25.081,0,-25.081,91.885,0,91.885
17,2016,6149.615,-4306.583,1843.032,149.651,-105.456,44.195,-15.548,0,36.589,3.559,-1.365,2.194,3.031,1913.493,-1119.317,794.176,-648.279,145.897,-29.108,0,-29.108,116.789,0,116.789
17,2017,7371.235,-5398.816,1972.419,212.709,-147.231,65.478,7.57,57.643,89.671,2.201,-1.177,1.024,1.97,2195.775,-1268.553,927.222,-545.991,381.231,-76.373,0,-76.373,304.858,0,304.858
17,2018,8659.444,-6322.331,2337.113,301.024,-115.173,185.851,32.258,49.672,184.706,29.392,-9.305,20.087,1.994,2811.681,-1632.86,1178.821,-556.384,622.437,-129.091,0,-129.091,493.346,0,493.346
17,2019,10208.207,-7313.638,2894.569,523.23,-187.744,335.486,10.301,171.124,235.002,1676.931,-143.225,1533.706,30.625,5210.813,-1988.35,3222.463,-1831.765,1390.698,-292.246,0,-292.246,1098.452,0,1098.452
17,2020,10695.78,-7634.064,3061.716,522.679,-166.481,356.198,74.729,166.774,171.671,1152.398,-404.105,748.293,4.306,4583.687,-2177.375,2406.312,-677.376,1728.936,-368.471,0,-368.471,1360.465,0,1360.465
17,2021,11804.488,-6618.395,5186.093,1519.119,-373.232,1145.887,148.886,58.462,306.197,437.554,-257.04,180.514,9.751,7035.79,-2529.414,4506.376,-1237.838,3268.538,-662.02,0,-662.02,2606.518,0,2606.518
17,2022,15149.8,-8143.873,7005.927,1642.698,-275.381,1367.317,223.886,228.111,621.173,415.516,-222.62,192.896,7.937,9647.247,-3403.523,6243.724,-1174.738,5068.986,-1016.058,0,-1016.058,4052.928,0,4052.928
17,2023,19718.49,-12647.771,7070.719,1530.991,-223.134,1307.857,602.47,109.18,128.66,332.345,-141.624,190.721,14.384,9423.991,-3607.148,5816.843,-1200.285,4616.558,-939.603,0,-939.603,3676.955,0,3676.955
17,2024,20716.605,-10750.195,9966.41,1349.283,-237.588,1111.695,570.581,-172.141,321.407,802.566,-192.964,609.602,1.445,12408.999,-4130.218,8278.781,-2239.382,6039.399,-1223.373,0,-1223.373,4816.026,0,4816.026
18,2015,3321.373,-1918.454,1402.919,103.022,-34.639,68.383,-48.813,0,109.914,37.821,-17.861,19.96,2.86,1555.223,-794.793,760.43,-134.767,625.663,-63.503,0,-63.503,562.16,0,562.16
18,2016,5173.686,-3052.861,2120.825,146.317,-60.199,86.118,57.972,0,46.26,5.482,-7.792,-2.31,0,2308.865,-1330.576,978.289,-271.735,706.554,-141.343,0,-141.343,565.211,0,565.211
18,2017,7324.605,-4152.181,3172.424,280.878,-115.815,165.063,10.248,0,222.633,45.421,-6.063,39.358,0,3609.726,-1941.603,1668.123,-462.412,1205.711,-242.102,0,-242.102,963.609,0,963.609
18,2018,9373.839,-4996.062,4377.777,864.711,-188.526,676.185,81.31,0,351.959,149.27,-9.701,139.569,0,5626.8,-2846.688,2780.112,-522.332,2257.78,-452.542,0,-452.542,1805.238,0,1805.238
18,2019,11850.763,-6217.441,5633.322,1467.046,-293.101,1173.945,43.861,0,910.692,1027.006,-319.363,707.643,0,8469.463,-3303.325,5166.138,-1297.949,3868.189,-774.347,0,-774.347,3093.842,0,3093.842
18,2020,14828.235,-7209.178,7619.057,1539.85,-602.817,937.033,408.138,0,710.68,1096.636,-402.355,694.281,0,10369.189,-4197.293,6171.896,-1783.373,4388.523,-878.334,0,-878.334,3510.189,0,3510.189
18,2021,17426.817,-7480.768,9946.049,2259.689,-717.223,1542.466,373.374,0,1409.742,495.761,-249.984,245.777,0,13517.408,-4570.696,8946.712,-2908.49,6038.222,-1209.043,0,-1209.043,4829.179,0,4829.179
18,2022,21811.015,-10424.418,11386.597,3596.301,-904.321,2691.98,410.216,0,426.255,1324.949,-622.808,702.141,0,15617.189,-5945.257,9671.932,-1843.644,7828.288,-1567.544,0,-1567.544,6260.744,0,6260.744
18,2023,28562.417,-16134.589,12427.828,3178.465,-899.217,2279.248,779.153,0,855.841,872.29,-977.603,-105.313,0,16236.757,-6701.533,9535.224,-3946.265,5588.959,-1125.634,0,-1125.634,4463.325,0,4463.325
18,2024,25948.638,-13041.982,12906.656,4386.294,-1022.684,3363.61,318.932,0.18,1094.914,1229.244,-875.309,353.935,0.04,18038.267,-6278.857,11759.41,-4159.212,7600.198,-1528.564,0,-1528.564,6071.634,0,6071.634
19,2015,4089.097,-2441.841,1647.256,154.956,-97.399,57.557,63.679,0,131.697,158.892,-95.172,63.72,7.725,1971.634,-1190.073,781.561,-663.198,118.363,-27.084,0,-27.084,91.279,0,91.279
19,2016,4489.011,-2663.061,1825.95,231.086,-94.034,137.052,113.012,2.121,165.162,60.605,-51.809,8.796,10.051,2262.144,-1299.207,962.937,-657.78,305.157,-61.243,0,-61.243,243.914,0,243.914
19,2017,5390.187,-3208.348,2181.839,301.27,-114.974,186.296,103.886,3.049,195.408,36.897,-13.463,23.434,12.38,2706.292,-1603.068,1103.224,-492.783,610.441,-121.605,0,-121.605,488.836,0,488.836
19,2018,5478.075,-3439.575,2038.5,467.786,-133.967,333.819,196.175,8.508,372.078,71.484,-109.771,-38.287,2.086,2912.879,-1670.432,1242.447,-314.472,927.975,-213.068,0,-213.068,714.907,0,714.907
19,2019,6525.9,-4047.648,2478.252,355.078,-161.614,193.464,195.817,0,578.778,315.401,-125,190.401,2.227,3638.939,-1870.98,1767.959,-493.975,1273.984,-273.309,0,-273.309,1000.675,0,1000.675
19,2020,6684.626,-4303.08,2381.546,383.392,-189.565,193.827,302.089,6.504,757.624,188.571,-44.65,143.921,-10.611,3774.9,-1858.323,1916.577,-513.38,1403.197,-285.54,0,-285.54,1117.657,0,1117.657
19,2021,6469.227,-3402.696,3066.531,609.108,-258.836,350.272,412.046,249.184,202.38,322.477,-65.687,256.79,6.608,4543.811,-1898.495,2645.316,-686.506,1958.81,-398.831,0,-398.831,1559.979,0,1559.979
19,2022,8160.575,-4395.195,3765.38,931.817,-699.775,232.042,192.865,-56.174,-21.343,375.338,-28.702,346.636,26.448,4485.854,-2006.536,2479.318,-776.913,1702.405,-345.675,0,-345.675,1356.73,0,1356.73
19,2023,10464.069,-7705.863,2758.206,1648.954,-900,748.954,228.453,5.038,117.442,405.873,-25.89,379.983,97.538,4335.614,-2252.222,2083.392,-1499.348,584.044,-130.542,0,-130.542,453.502,0,453.502
19,2024,9027.696,-5992.439,3035.257,879.352,-379.603,499.749,245.756,3.385,109.475,646.787,-31.152,615.635,11.296,4520.553,-2364.544,2156.009,-1411.791,744.218,-169.72,11.058,-158.662,585.556,0,585.556
20,2015,4737.688,-3654.073,1083.615,26.024,-22.583,3.441,-16.27,-0.158,45.438,78.774,-16.812,61.962,27.275,1205.303,-579.541,625.762,-173.057,452.705,-93.595,1.298,-92.297,360.408,0,360.408
20,2016,5637.737,-4303.825,1333.912,27.597,-24.052,3.545,17.331,0,4.042,41.216,-13.2,28.016,8.752,1395.598,-704.966,690.632,-64.007,626.625,-125.939,0,-125.939,500.686,0,500.686
20,2017,6812.157,-5154.24,1657.917,75.554,-13.859,61.695,25.476,0,2.384,67.063,-41.234,25.829,14.69,1787.991,-748.903,1039.088,-296.423,742.665,-142.788,2.595,-140.193,602.472,0,602.472
20,2018,7588.025,-5889.353,1698.672,92.81,-19.806,73.004,16.686,4.749,80.201,103.93,-5.857,98.073,25.35,1996.735,-879.857,1116.878,-274.412,842.466,-163.866,-1.39,-165.256,677.21,0,677.21
20,2019,8936.134,-6969.579,1966.555,107.18,-34.455,72.725,30.655,0,25.974,88.879,-7.699,81.18,15.297,2192.386,-1103.592,1088.794,-154.901,933.893,-183.719,-0.718,-184.437,749.456,0,749.456
20,2020,9824.59,-7793.519,2031.071,91.143,-31.381,59.762,23.782,0,46.735,81.388,-16.437,64.951,3.227,2229.528,-1240.389,989.139,-254.326,734.813,-146.067,-0.952,-147.019,587.794,0,587.794
20,2021,9458.828,-7341.6,2117.228,90.073,-25.214,64.859,29.597,0,169.409,160.252,-79.235,81.017,1.978,2464.088,-1312.134,1151.954,-243.589,908.365,-181.276,-0.75,-182.026,726.339,0,726.339
20,2022,10342.019,-7828.82,2513.199,126.936,-35.806,91.13,51.64,0,107.476,156.698,-59.374,97.324,6.907,2867.676,-1716.333,1151.343,-112.384,1038.959,-206.439,-0.001,-206.44,832.519,0,832.519
20,2023,13384.284,-10995.013,2389.271,137.774,-32.922,104.852,115.346,0,319.652,99.206,-9.653,89.553,27.639,3046.313,-1832.911,1213.402,-152.568,1060.834,-206.385,-0.082,-206.467,854.367,0,854.367
20,2024,11812.113,-8490.903,3321.21,150.014,-44.433,105.581,-68.252,0,283.676,27.292,-21.182,6.11,12.638,3660.963,-2249.272,1411.691,-151.413,1260.278,-249.023,0,-249.023,1011.255,0,1011.255
21,2015,1738.09,-1300.457,437.633,17.594,-20.525,-2.931,25.215,0,96.057,24.469,-19.857,4.612,2.187,562.773,-437.373,125.4,-53.882,71.518,-18.307,0,-18.307,53.211,0,53.211
21,2016,1993.149,-1443.526,549.623,22.448,-27.369,-4.921,17.345,0,51.663,47.543,-9.969,37.574,33.45,684.734,-602.972,81.762,-69.67,12.092,-9.407,0,-9.407,2.685,0,2.685
21,2017,2506.651,-1837.768,668.883,46.91,-37.135,9.775,20.92,0,58.629,18.417,-6.823,11.594,1.918,771.719,-645.592,126.127,-89.436,36.691,-3.159,0,-3.159,33.532,0,33.532
21,2018,3125.236,-2325.348,799.888,69.042,-35.44,33.602,31.356,0,45.251,37.049,-4.718,32.331,-0.112,942.316,-698.862,243.454,-126.966,116.488,-22.156,0,-22.156,94.332,0,94.332
21,2019,3799.434,-2867.058,932.376,77.469,-39.267,38.202,26.826,0,101.296,33.101,-4.201,28.9,0.146,1127.746,-859.223,268.523,-110.421,158.102,-32.046,0,-32.046,126.056,0,126.056
21,2020,4323.598,-3218.923,1104.675,110.354,-50.136,60.218,36.957,0,163.883,54.305,-4.362,49.943,0.175,1415.851,-867.461,548.39,-346.902,201.488,-40.632,0,-40.632,160.856,0,160.856
21,2021,4586.594,-3151.732,1434.862,143.881,-72.879,71.002,32.94,0,141.903,58.744,-6.448,52.296,0.292,1733.295,-1051.415,681.88,-370.432,311.448,-62.61,0,-62.61,248.838,0,248.838
21,2022,5541.744,-3827.878,1713.866,219.929,-120.161,99.768,42.9,0,-4.78,70.766,-5.282,65.484,0,1917.238,-1236.838,680.4,-224.345,456.055,-92.007,0,-92.007,364.048,0,364.048
21,2023,6938.79,-5460.172,1478.618,235.706,-181.292,54.414,22.314,0,122.144,109.663,-32.117,77.546,0,1755.036,-1406.915,348.121,-276.515,71.606,-15.038,0,-15.038,56.568,0,56.568
21,2024,6485.719,-4179.471,2306.248,275.682,-238.136,37.546,45.937,0,26.752,64.463,-3.357,61.106,0,2477.589,-1475.162,1002.427,-611.837,390.59,-79.338,0,-79.338,311.252,0,311.252
22,2015,2751.28379496,-1988.405153595,762.878641365,29.534912334,-25.910896443,3.624015891,-15.50584737,0,20.03720916,23.152357002,-30.40400145,-7.251644448,2.875,766.657374598,-655.265159274,111.392215324,-103.919394572,7.472820752,-0.982659117,0,-0.982659117,6.490161635,0,6.490161635
22,2016,3561.013,-2608.149,952.864,38.222,-34.664,3.558,-60.346,0,28.007,165.87,-15.664,150.206,0,1074.289,-863.133,211.156,-197.608,13.548,-2.709,0,-2.709,10.839,0,10.839
22,2017,4437.486,-3319.98,1117.506,56.175,-37.993,18.182,-26.857,0,110.022,146.938,-140.585,6.353,0,1225.206,-959.55,265.656,-234.912,30.744,-8.789,0,-8.789,21.955,0,21.955
22,2018,4738.865,-3757.692,981.173,65.347,-39.926,25.421,-21.786,0,-22.034,1064.822,-803.579,261.243,0,1224.017,-999.842,224.175,-136.345,87.83,-51.59,0,-51.59,36.24,0,36.24
22,2019,5291.273,-4132.865,1158.408,102.974,-52.229,50.745,-3.189,0,31.862,153.904,-149.941,3.963,0,1241.789,-862.619,379.17,-324.129,55.041,-11.899,0,-11.899,43.142,0,43.142
22,2020,5958.774,-4525.032,1433.742,114.551,-69.762,44.789,13.641,0,158.541,120.308,-116.098,4.21,0,1654.923,-802.677,852.246,-848.508,3.738,-2.526,0,-2.526,1.212,0,1.212
22,2021,5542.515,-4283.296,1259.219,243.405,-99.773,143.632,-18.199,0,356.714,60.822,-100.081,-39.259,0,1702.107,-950.593,751.514,-749.204,2.31,-0.91,0,-0.91,1.4,0,1.4
22,2022,4763.294,-3831.517,931.777,275.03,-142.188,132.842,83.813,0,166.748,59.238,-37.424,21.814,0,1336.994,-1027.681,309.313,-308.075,1.238,-1.23,0,-1.23,0.008,0,0.008
22,2023,6433.619,-5976.39,457.229,102.35,-68.832,33.518,202.454,0,160.484,82.286,-216.819,-134.533,0,719.152,-1238.721,-519.569,-146.95,-666.519,-3.037,0,-3.037,-669.556,0,-669.556
22,2024,2928.691,-4710.884,-1782.193,165.438,-90.47,74.968,125.512,0,131.422,67.669,-89.876,-22.207,0,-1472.498,-3392.048,-4864.546,-263.544,-5128.09,-0.848,0,-0.848,-5128.938,0,-5128.938
23,2015,2109.696,-1287.136,822.56,13.596,-4.549,9.047,-11.064,0,8.644,24.296,-10.962,13.334,6.721,849.242,-571.923,277.319,-65.659,211.66,-46.425,0,-46.425,165.235,0,165.235
23,2016,2294.005,-1508.068,785.937,31.812,-6.831,24.981,6.483,0,66.112,49.616,-14.958,34.658,7.174,925.345,-681.68,243.665,-92.029,151.636,-30.646,0,-30.646,120.99,0,120.99
23,2017,2908.703,-1867.071,1041.632,60.057,-11.955,48.102,3.633,0,-4.133,53.252,-15.777,37.475,0.445,1127.154,-806.203,320.951,-68.757,252.194,-50.501,0,-50.501,201.693,0,201.693
23,2018,3171.636,-2196.765,974.871,73.869,-17.91,55.959,11.626,0,116.79,105.024,-8.832,96.192,0.724,1256.162,-928.436,327.726,-37.644,290.082,-58.193,0,-58.193,231.889,0,231.889
23,2019,3897.868,-2889.998,1007.87,93.31,-16.854,76.456,28.631,0,61.938,35.287,-8.208,27.079,0.835,1202.809,-1041.601,161.208,-75.287,85.921,-18.247,0,-18.247,67.674,0,67.674
23,2020,3932.611,-2980.182,952.429,103.453,-16.474,86.979,25.237,0,77.167,107.366,-8.791,98.575,0.891,1241.278,-1085.478,155.8,2.41,158.21,-31.892,0,-31.892,126.318,0,126.318
23,2021,5449.139,-3518.179,1930.96,273.173,-17.523,255.65,28.274,0,63.737,55.444,-16.911,38.533,1.709,2318.863,-1227.211,1091.652,-81.647,1010.005,-239.732,0,-239.732,770.273,0,770.273
23,2022,5376.251,-3284.73,2091.521,422.695,-26.651,396.044,34.981,0,7.818,88.565,-5.651,82.914,0,2613.278,-1459.022,1154.256,-472.393,681.863,-137.342,0,-137.342,544.521,0,544.521
23,2023,7779.429,-5741.323,2038.106,556.312,-43.579,512.733,59.196,0,82.45,95.764,-5.845,89.919,0,2782.404,-1645.837,1136.567,-417.92,718.647,-143.478,-1.185,-144.663,573.984,0,573.984
23,2024,7111.246,-3920.02,3191.226,574.628,-94.153,480.475,42.009,0,25.608,224.596,-7.333,217.263,0,3956.581,-2021.575,1935.006,-822.948,1112.058,-224.444,-0.12,-224.564,887.494,0,887.494
24,2015,1598.678,-1353.946,244.732,8.142,-5.415,2.727,-3.958,0,37.771,170.413,-56.117,114.296,8.295,403.863,-438.216,-34.353,-90.397,-124.75,-1.574,0,-1.574,-126.324,0,-126.324
24,2016,2116.874,-1656.034,460.84,11.591,-8.839,2.752,31.845,0,53.021,170.424,-1.017,169.407,0,717.865,-573.743,144.122,-74.485,69.637,-2.496,0,-2.496,67.141,0,67.141
24,2017,2652.961,-1879.777,773.184,26.789,-10.02,16.769,16.842,0,43.357,162.77,-0.978,161.792,0,1011.944,-799.283,212.661,50.392,263.053,-0.598,0,-0.598,262.455,0,262.455
24,2018,3441.395,-2396.937,1044.458,31.828,-16.651,15.177,1.422,0,192.379,101.196,-1.483,99.713,0,1353.149,-872.878,480.271,-79.279,400.992,-79.008,0,-79.008,321.984,0,321.984
24,2019,4600.345,-3384.416,1215.929,63.564,-15.273,48.291,7.5,0,310.215,165.083,-3.091,161.992,0,1743.927,-1076.884,667.043,-54.069,612.974,-127.324,0,-127.324,485.65,0,485.65
24,2020,5075.804,-4506.045,569.759,85.358,-22.853,62.505,37.644,0,852.272,165.192,-6.779,158.413,0,1680.593,-1252.588,428.005,-47.947,380.058,-80.513,0,-80.513,299.545,0,299.545
24,2021,6086.498,-4600.29,1486.208,147.804,-52.996,94.808,11.767,0,475.575,190.909,-1.586,189.323,0,2257.681,-1142.313,1115.368,-479.586,635.782,-129.187,0,-129.187,506.595,0,506.595
24,2022,7117.428,-5306.548,1810.88,201.718,-80.004,121.714,55.61,0,61.667,277.187,-2.488,274.699,0,2324.57,-1367.537,957.033,-300.921,656.112,-133.485,0,-133.485,522.627,0,522.627
24,2023,9760.915,-7761.017,1999.898,189.796,-86.448,103.348,65.295,0,77.648,161.312,-10.665,150.647,0,2396.836,-1469.723,927.113,-115.168,811.945,-165.079,0,-165.079,646.866,0,646.866
24,2024,9721.857,-6910.284,2811.573,231.629,-94.903,136.726,80.215,0,19.009,463.62,-9.78,453.84,0,3501.363,-1565.226,1936.137,-804.839,1131.298,-230.373,0,-230.373,900.925,0,900.925
25,2015,1313.359,-690.537,622.822,51.113,-20.249,30.864,21.822,2.565,0,38.658,-18.007,20.651,1.735,700.459,-377.44,323.019,-268.286,54.733,-11.619,0,-11.619,43.114,0,43.114
25,2016,1370.478,-737.979,632.499,53.64,-19.804,33.836,18.561,-0.002,0,68.985,-19.48,49.505,0.6,734.999,-424.858,310.141,-135.932,174.209,-34.809,0,-34.809,139.4,0,139.4
25,2017,1503.24,-846.645,656.595,58.683,-20.752,37.931,18.323,0,0,74.643,-34.064,40.579,1.498,754.926,-402.234,352.692,-281.678,71.014,-16.419,0,-16.419,54.595,0,54.595
25,2018,1522.309,-861.754,660.555,64.649,-21.675,42.974,24.841,0,0,132.293,-17.058,115.235,1.608,845.213,-449.103,396.11,-343.592,52.518,-10.887,0,-10.887,41.631,0,41.631
25,2019,1639.732,-907.431,732.301,65.494,-21.463,44.031,11.589,0,0,92.781,-17.355,75.426,1.408,864.755,-486.328,378.427,-197.24,181.187,-36.565,0,-36.565,144.622,0,144.622
25,2020,1573.131,-982.462,590.669,59.729,-22.158,37.571,31.571,-0.04,0,95.951,-8.374,87.577,1.408,748.756,-468.663,280.093,-158.968,121.125,-24.079,0,-24.079,97.046,0,97.046
25,2021,1534.169,-944.998,589.171,53.781,-26.02,27.761,39.981,0,0,133.904,-14.604,119.3,106.916,883.129,-573.544,309.585,-155.472,154.113,-31.427,0,-31.427,122.686,0,122.686
25,2022,1886.625,-1011.307,875.318,66.776,-28.571,38.205,47.797,0,0,100.89,-10.243,90.647,3.488,1055.455,-568.001,487.454,-250.448,237.006,-47.017,0,-47.017,189.989,0,189.989
25,2023,2529.101,-1637.157,891.944,66.25,-27.246,39.004,33.611,0,0,210.782,-10.945,199.837,7.191,1171.587,-570.437,601.15,-268.905,332.245,-65.456,0,-65.456,266.789,0,266.789
25,2024,2175.145,-1470.867,704.278,65.093,-31.566,33.527,19.16,0,0,157.439,-13.535,143.904,0,900.869,-630.387,270.482,-171.138,99.344,-20.176,0,-20.176,79.168,0,79.168
26,2015,1413.357,-758.09,655.267,56.923,-35.094,21.829,6.107,0,36.015,42.305,-21.086,21.219,7.125,747.562,-485.011,262.551,-210.282,52.269,-11.461,0,-11.461,40.808,0,40.808
26,2016,1490.786781679,-795.446564049,695.34021763,48.591815703,-31.833828673,16.75798703,25.336087484,0,7.195538792,31.523383385,-2.079586179,29.443797206,1.874834,775.948462142,-419.228946376,356.719515766,-203.464242957,153.255272809,-30.628043809,0,-30.628043809,122.627229,0,122.627229
26,2017,1862.826684646,-1079.214474113,783.612210533,60.607597233,-38.641280311,21.966316922,30.395418948,0,9.39899849,175.417914133,-2.856412996,172.561501137,0,1017.93444603,-476.856661424,541.077784606,-460.683517462,80.394267144,-15.889224837,0,-15.889224837,64.505042307,0,64.505042307
26,2018,2002.938352283,-1155.126617401,847.811734882,76.427807127,-43.778295885,32.649511242,42.196165083,0,6.554883584,283.537990112,-15.690640762,267.84734935,0,1197.059644141,-519.58200227,677.477641871,-518.965146563,158.512495308,-31.591319238,0,-31.591319238,126.92117607,0,126.92117607
26,2019,2258.056583019,-1402.631614876,855.424968143,76.207687387,-43.749139186,32.458548201,50.644084476,0,7.103603695,428.114592787,-190.796777505,237.317815282,14.4,1197.349019797,-561.66543801,635.683581787,-546.034200956,89.649380831,-15.028503894,0,-15.028503894,74.620876937,0,74.620876937
26,2020,2371.216402023,-1464.788372924,906.428029099,69.684485168,-39.68935154,29.995133628,31.500381445,0,21.32487975,182.902406785,-25.355203904,157.547202881,1.392884309,1148.188511112,-655.043136728,493.145374384,-280.923870629,212.221503755,-42.713921043,0,-42.713921043,169.507582712,0,169.507582712
26,2021,2396.78,-1658.666,738.114,84.695,-36.343,48.352,21.661,0,61.77,297.745,-4.278,293.467,2.492,1165.856,-664.372,501.484,-178.187,323.297,-64.917,0,-64.917,258.38,0,258.38
26,2022,2748.34,-1538.115,1210.225,117.677,-38.452,79.225,42.681,0,27.266,170.683,-18.643,152.04,0.044,1511.481,-745.913,765.568,-259.833,505.735,-102.048,0,-102.048,403.687,0,403.687
26,2023,3461.483,-2154.514,1306.969,99.301,-64.611,34.69,19.451,0,-3.454,43.472,-2.175,41.297,0.132,1399.085,-808.207,590.878,-235.331,355.547,-72.081,0,-72.081,283.466,0,283.466
26,2024,3496.81,-1837.972,1658.838,100.087,-82.183,17.904,0.251,0,-54.677,209.949,-1.016,208.933,0.148,1831.397,-973.967,857.43,-431.982,425.448,-85.645,0,-85.645,339.803,0,339.803
27,2015,2598.017,-1618.223,979.794,64.265,-21.336,42.929,0.635,-7.577,29.1,37.014,-14.446,22.568,17.191,1084.64,-588.53,496.11,-243.615,252.495,-58.208,0,-58.208,194.287,0,194.287
27,2016,3211.377,-2062.781,1148.596,63.666,-39.735,23.931,20.322,-0.15,58.206,33.102,-18.171,14.931,42.949,1308.785,-781.533,527.252,-481.998,45.254,-12.391,0,-12.391,32.863,0,32.863
27,2017,3939.409,-2705.695,1233.714,75.865,-48.834,27.031,25.235,-3.468,151.899,300.188,-51.632,248.556,0.193,1683.16,-861.316,821.844,-520.687,301.157,-61.914,0,-61.914,239.243,0,239.243
27,2018,5246.705,-3540.092,1706.613,113.049,-60.525,52.524,29.873,-68.594,29.255,57.08,-12.568,44.512,2.057,1796.24,-1154.419,641.821,101.142,742.963,-151.689,0,-151.689,591.274,0,591.274
27,2019,7120.834,-4934.698,2186.136,160.509,-87.144,73.365,24.728,64.597,115.91,25.219,-24.888,0.331,0.987,2466.054,-1553.65,912.404,12.142,924.546,-192.757,0,-192.757,731.789,0,731.789
27,2020,9077.13,-6473.185,2603.945,210.024,-92.616,117.408,46.329,12.12,195.997,226.22,-7.618,218.602,0.063,3194.464,-1630.769,1563.695,-558.209,1005.486,-205.822,0,-205.822,799.664,0,799.664
27,2021,11054.339,-6771.15,4283.189,280.585,-72.935,207.65,45.872,0,272.986,24.187,-15.361,8.826,0.151,4818.674,-2239.731,2578.943,-779.852,1799.091,-364.728,0,-364.728,1434.363,0,1434.363
27,2022,12966.35,-7847.229,5119.121,402.809,-127.917,274.892,57.046,0,119.367,319.953,-17.431,302.522,100.352,5973.3,-2841.928,3131.372,-863.393,2267.979,-460.103,0,-460.103,1807.876,0,1807.876
27,2023,19338.34,-12691.031,6647.309,1141.5,-551.469,590.031,14.607,0,59.287,499.52,-166.581,332.939,0.038,7644.211,-3492.455,4151.756,-847.804,3303.952,-682.333,0,-682.333,2621.619,0,2621.619
27,2024,17411.707,-9473.887,7937.82,951.804,-390.838,560.966,2.807,0.864,123.787,467.824,-42.027,425.797,0.022,9052.063,-3985.763,5066.3,-520.902,4545.398,-938.305,0,-938.305,3607.093,0,3607.093
