,Chỉ tiêu bán lẻ (Hàng tháng) Đơn vị: Tỷ VND,Tổng mức bán lẻ hàng hóa,  Tăng trưởng YoY,Bán lẻ hàng hóa,  Tăng trưởng YoY2,"Dịch vụ lưu trú, ăn uống",  Tăng trưởng YoY3,Dịch vụ lữ hành,  Tăng trưởng YoY4,Dịch vụ khác,  Tăng trưởng YoY5
,02/2011,149735,0.2111,117961.604968356,0.2102,16448.704200088,0.2097,1506.05309,0.147,13818.57372999,0.228
,03/2011,150233,0.2687,117605,0.2652,17486,0.3098,1613,0.2101,13529,0.2555
,04/2011,153853,0.2622,120831,0.2669,17949,0.3101,1584,0.1733,13489,0.1758
,05/2011,156011,0.2297,122310,0.226,18205,0.2918,1470,0.0881,14026,0.2033
,06/2011,153596,0.2043,121647,0.2061,16911,0.2178,1385,0.0007,13653,0.1963
,07/2011,154367,0.1921,121932,0.1888,17082,0.2079,1373,-0.0144,13980,0.2276
,08/2011,157343,0.2007,124910,0.204,17126,0.2022,1417,-0.0028,13890,0.1948
,09/2011,164416,0.219,130430,0.2283,17886,0.1729,1483,0.0047,14617,0.2212
,10/2011,167546,0.2296,131406,0.2333,19518,0.2845,1424,0.1896,15198,0.1412
,11/2011,176378,0.2505,137707,0.2543,20665,0.2924,1409,0.1693,16597,0.1799
,12/2011,185145,0.3076,144292,0.3079,21713,0.351,1576,0.2528,17564,0.2602
,01/2012,191061,0.2758,149653,0.2655,21991,0.337,1362,-0.0896,18055,0.3313
,02/2012,186463,0.2453,145591,0.2342,21299,0.2949,1750,0.162,17823,0.2898
,03/2012,189056,0.2584,146703,0.2474,22132,0.2657,1776,0.1011,18445,0.3634
,04/2012,192432,0.2508,149309,0.2357,22362,0.2459,1816,0.1465,18945,0.4045
,05/2012,191800,0.2294,135296,0.1062,20981,0.1525,2000,0.3605,33523,1.3901
,06/2012,188011,0.2241,144634,0.189,22342,0.3212,2107,0.5213,18928,0.3864
,07/2012,189187,0.2256,145581,0.194,22420,0.3125,2081,0.5157,19105,0.3666
,08/2012,190322,0.2096,145585,0.1655,23288,0.3598,2347,0.6563,19102,0.3752
,09/2012,195105,0.1867,150036,0.1503,23095,0.2912,2212,0.4916,19762,0.352
,10/2012,200926,0.1992,153904.14949,0.1712,24074.42992,0.2334,2134.18003,0.4987,20812.96974,0.3695
,11/2012,201577,0.1429,154637,0.1229,24043,0.1635,2120,0.5046,20777,0.2519
,12/2012,204607,0.1051,156045,0.0815,23504,0.0825,2109,0.3382,22949,0.3066
,01/2013,209526.350334823,0.0811,160298,0.0528,25054,0.1644,1714,-0.1138,22460,0.2401
,02/2013,210017,0.1263,162930,0.1191,24467,0.1487,1749,-0.0006,20871,0.171
,03/2013,211301,0.1177,162407,0.107,25626,0.1579,1992,0.1216,21276,0.1535
,04/2013,213409,0.109,162589,0.0889,26508,0.1854,2179,0.1999,22133,0.1683
,05/2013,215507.4,0.1236,165575.6,0.2238,25731.9,0.2264,2074.7,0.0373,22125.2,-0.34
,06/2013,212247,0.1289,163094,0.1276,25252,0.1302,2046,-0.029,21855,0.1546
,07/2013,213303,0.1275,163087,0.1202,26285,0.1724,2200,0.0572,21731,0.1375
,08/2013,216396.7,0.137,165654.9,0.1379,26471.9,0.1367,2222.4,-0.0531,22047.5,0.1542
,09/2013,223287.6,0.1444,171600.7,0.1437,26992.7,0.1688,1864.4,-0.1571,22829.8,0.1552
,10/2013,225667.9,0.1231,172812,0.1229,27102.8,0.1258,2293.7,0.0747,23459.4,0.1272
,11/2013,226396.1,0.1231,173754.5,0.1236,27233.8,0.1327,2081.4,-0.0182,23326.4,0.1227
,12/2013,231116.7,0.1296,176048.3,0.1282,27816.2,0.1835,2151.8,0.0203,25100.4,0.0937
,01/2014,237493,0.1335,181317,0.1311,28447,0.1354,2146,0.252,25583,0.139
,02/2014,234308.2,0.1157,178758,0.0971,28743.8,0.1748,2135.4,0.2209,24671,0.1821
,03/2014,234308.2,0.1157,178758,0.0971,28743.8,0.1748,2135.4,0.2209,24671,0.1821
,04/2014,238934,0.1196,179226.3,0.1023,29743.2,0.122,2600.2,0.1933,27364.3,0.2364
,05/2014,240272.6,0.1149,179249.2,0.0826,29614.4,0.1509,2569.5,0.2385,28839.5,0.3035
,06/2014,248648.6,0.1715,186972.7,0.1464,29844.3,0.1819,2533.7,0.2384,29297.9,0.3406
,07/2014,238730.8,0.1192,177848,0.0905,30061,0.1437,2472.8,0.124,28349,0.3045
,08/2014,242295.781882255,0.1197,184173.165722415,0.1118,28215.36645984,0.0659,2606.0643,0.1726,27301.1854,0.2383
,09/2014,244529,0.0951,186083,0.0844,28898,0.0706,2410,0.2926,27138,0.1887
,10/2014,251194.9,0.1131,190620.1,0.103,29505,0.0886,2397,0.045,28672.8,0.2222
,11/2014,265032.7,0.1707,196996.4,0.1338,34315.7,0.26,2129.6,0.0232,31591,0.3543
,12/2014,273292.2,0.1825,205066.4,0.1648,29986.7,0.078,2246.6,0.0441,35992.5,0.4339
,01/2015,275454.2,0.13,211431.4,0.135,31023.5,0.052,2238,0.123,30761.3,0.185
,02/2015,276225,0.1789,210875.2,0.1797,32465.4,0.1295,2260.7,0.0587,30623.7,0.2413
,03/2015,253490.3,0.0876,195850.2,0.1153,26298.7,-0.0655,1962.7,-0.2133,29378.7,0.0949
,04/2015,255617.7,0.0698,196847.3,0.0983,26838.4,-0.0977,1977.9,-0.2393,29954.1,0.0946
,05/2015,260538.5,0.0843,199132.2,0.1109,29220.6,-0.0133,2150.3,-0.1631,30035.4,0.0415
,06/2015,266675.7,0.0725,200348.9,0.0715,32888.3,0.102,2730.7,0.0778,30707.8,0.0481
,07/2015,271808.1,0.1386,204840.9,0.1518,33949.8,0.1294,2798.7,0.1318,30218.7,0.066
,08/2015,271680.4,0.1213,207102.3,0.1245,32404.1,0.1485,2789.7,0.0705,29384.3,0.0763
,09/2015,270588.3,0.1066,207886.8,0.1172,30168.7,0.044,2656.2,0.1022,29876.6,0.1009
,10/2015,274752.7,0.0938,211015.7,0.107,30593.6,0.0369,2763,0.1527,30380.4,0.0596
,11/2015,282055.8,0.0642,217836.3,0.1058,29717.2,-0.134,2516.4,0.1816,31985.9,0.0125
,12/2015,294748.4,0.0785,224819.1,0.0963,32953.2,0.0989,2594.3,0.1548,34381.8,-0.0448
,01/2016,297729.5,0.0809,226577.2,0.0716,35056.5,0.13,2248.8,0.0048,33847,0.1003
,02/2016,287961.8,0.0425,218759.9,0.0374,33747.2,0.0395,2361.5,0.0446,33093.2,0.0806
,03/2016,287961.8,0.0425,218759.9,0.0374,33747.2,0.0395,2361.5,0.0446,33093.2,0.0806
,04/2016,279806.5,0.0946,214652.1,0.0904,29956.9,0.1162,2213,0.1189,32984.5,0.1012
,05/2016,286156.7,0.0983,218867.4,0.0991,31352.7,0.073,2551.4,0.1865,33385.2,0.1115
,06/2016,295823.4,0.1093,222596.7,0.111,35938.4,0.0927,3266.5,0.1962,34021.8,0.1079
,07/2016,295690.8,0.0879,222500.1,0.0862,35856.3,0.0562,3353.2,0.1981,33981.2,0.1245
,08/2016,292821,0.0778,223638.8,0.0798,33858.8,0.0449,2963.1,0.0622,32360.3,0.1013
,09/2016,296150.3,0.0945,225367.2,0.0841,35033.2,0.1612,2827.4,0.0645,32922.5,0.1019
,10/2016,295349.9,0.075,223143.8,0.0575,35826.4,0.171,2696.9,-0.0239,33682.8,0.1087
,11/2016,302924,0.074,227427.4,0.044,37304.3,0.2553,3398.4,0.3505,34793.9,0.0878
,12/2016,320312.1,0.0867,241941.8,0.0762,38914,0.1809,3292.2,0.269,36164.1,0.0518
,01/2017,330296.9,0.0994,252712.9,0.1088,37321.5,0.0314,3338.4,0.3067,36924.1,0.0929
,02/2017,309284.3,0.074,234085.6,0.0701,37723.1,0.1178,2535.5,0.0737,34940.1,0.0558
,03/2017,312459.6,0.1344,235073.5,0.1059,38185.7,0.3162,2164.2,0.0293,37036.2,0.1661
,04/2017,317503.1,0.1347,237470,0.1063,39163.5,0.3073,2459.4,0.1113,38410.2,0.1645
,05/2017,323539.9,0.1306,242909.4,0.1098,38909.7,0.241,2767.2,0.0846,38953.6,0.1668
,06/2017,326624.8,0.1041,243484.6,0.0938,41373.2,0.1512,3013.4,-0.0775,38753.6,0.1391
,07/2017,327602.112112635,0.1079,244331.602112635,0.0981,41510.122,0.1577,3358.448,0.0016,38401.94,0.1301
,08/2017,330013.269687381,0.127,249014.858687381,0.1135,39045.73,0.1532,3270.041,0.1036,38682.64,0.1954
,09/2017,336584.613250743,0.1365,251107.029250743,0.1142,42675.934,0.2182,3692.67,0.306,39108.98,0.1879
,10/2017,340889.500002332,0.1542,253774.962002332,0.1373,44085.939,0.2305,3331.571,0.2353,39697.028,0.1786
,11/2017,344808.520305916,0.1383,258321.154305916,0.1358,41792.078,0.1203,3475.608,0.0227,41219.68,0.1847
,12/2017,352368.128922697,0.1001,258943.412922697,0.0703,47908.495,0.2311,3618.531,0.0991,41897.69,0.1585
,01/2018,361073.369564194,0.0932,272004.314564194,0.0763,45089.807,0.2081,3931.896,0.1778,40047.352,0.0846
,02/2018,350441.2952255,0.1331,266872.3552255,0.1401,40962.133,0.0859,3503.089,0.3816,39103.718,0.1192
,03/2018,343786.169017586,0.1003,259540.144017586,0.1041,43501.879,0.1392,2768.819,0.2794,37975.327,0.0254
,04/2018,350541,0.1041,265845,0.1195,43830,0.1192,2762,0.123,38104,-0.008
,05/2018,354049.181408529,0.0943,266992.973408529,0.0991,42918.953,0.103,3217.005,0.1625,40920.25,0.0505
,06/2018,364534,0.1161,272262,0.1182,44900,0.0852,3446,0.1436,43926,0.1335
,07/2018,371450.518663745,0.1338,277106.644663745,0.1341,45833.097,0.1041,3500.76,0.0424,45010.017,0.1721
,08/2018,369972.259269004,0.1212,277839.592,0.113,44636.486,0.1561,3573.219,0.0963,43922.962269004,0.1411
,09/2018,373852.608449333,0.1252,282122.904,0.1414,44204.244320279,0.0387,3402,0.1185,44124.2,0.1174
,10/2018,380940,0.1235,286339.564,0.1421,45903,0.0836,3385.083540034,0.0562,45312.353836856,0.0557
,11/2018,386436.050929301,0.1223,290985.096,0.1309,48333.336211647,0.082,3627.15821506,0.03,43491,0.1165
,12/2018,385360.279584468,0.1272,290271.177886,0.1311,48809.254648746,0.1113,4017.781934866,0.0321,42262.065114856,0.1283
,01/2019,402229.825598196,0.1218,305373.320297,0.1306,49498.674745684,0.1153,4326.830555512,0.0791,43031,0.0743
,02/2019,390820.742488733,0.1146,301382.944928908,0.1246,44815.168750091,0.094,3948,0.1709,40675.237637848,0.0617
,03/2019,391081.965665314,0.1408,299934.732400791,0.1598,46287.07193,0.0729,3530,0.2672,41330.161334523,0.0792
,04/2019,396146.773460649,0.1199,301818,0.1307,47633.109577021,0.0992,3570.23203912,0.1321,43125.956844508,0.0676
,05/2019,401990.043523027,0.1138,304052.686961477,0.1265,48984.191628031,0.0958,3695.190160489,0.1034,45257.97477303,0.0516
,06/2019,408353.407177158,0.1152,306790,0.1236,50256.040041821,0.1225,3868.716290425,0.1297,47438.088652163,0.0555
,07/2019,412726.862434612,0.1245,310594.684,0.1341,50382.456608307,0.1096,3900.998832455,0.0778,47848.722993851,0.0841
,08/2019,413307.617974252,0.1237,312232.514,0.1333,48941.779923961,0.0984,3894.055781071,0.0869,48239.26826922,0.0918
,09/2019,419330.050418796,0.1269,317254.025216815,0.1388,48811.229220436,0.0856,3894.812176563,0.0969,49369.983804983,0.0963
,10/2019,422284.552781767,0.1334,318731.488305903,0.1473,49216,0.0922,3976.635054593,0.0948,50360.930827206,0.0915
,11/2019,428782.425387663,0.1259,323755.67901345,0.1318,50692.404668838,0.0965,4057.206935384,0.1226,50277.134769991,0.1185
,12/2019,432366.494310757,0.1203,325782.278117422,0.1224,51947.764823074,0.1043,4228.318850854,0.1177,50408.132519408,0.1239
,01/2020,449784.149587109,0.1018,348738.235574504,0.1065,50799.138099169,0.0681,4148.538724438,0.0745,46098.237188998,0.1073
,02/2020,406401.381860662,0.0595,320925.998112468,0.0815,41544.254615985,-0.039,2336.581001652,-0.0601,41594,0.0182
,03/2020,369826.960052185,-0.0079,297390.991055319,0.0467,33886.084321313,-0.2679,1292.895246671,-0.6231,37256.989428882,-0.0646
,04/2020,303258.226631546,-0.26,265291.055189496,-0.1531,16574.481930513,-0.6472,51.055413303,-0.9755,21341.634098234,-0.5334
,05/2020,405983.43644897,-0.0477,321441.312477267,0.0161,40856.514811677,-0.3375,518.310421818,-0.8784,43167.298738208,-0.0977
,06/2020,417968.152512135,0.0534,325196.153305829,0.0942,44107.169292219,-0.083,1196.9223355,-0.5075,47467.907578587,-0.0208
,07/2020,434501.796235868,0.0426,335082.522646755,0.0696,48437.886850796,-0.0441,2547.92035403,-0.5967,48433.466384288,0.0093
,08/2020,429884.791288439,0.0195,339739.018416981,0.0658,42848.288990011,-0.1559,947,-0.7441,46351.028160988,-0.0432
,09/2020,440126.719157983,0.0491,347798.96932006,0.0921,43865.763795568,-0.0731,1158.518416094,-0.7004,47303.46762626,-0.0505
,10/2020,453804.406790514,0.0612,357559.955116855,0.1099,45879.888504976,-0.0896,1196.356707127,-0.6978,49168.206461556,-0.0441
,11/2020,461785.448150766,0.0849,362625,0.1321,47467.66051925,-0.0649,1236.123260686,-0.6834,50456.061476417,-0.0072
,12/2020,463042.829633908,0.0937,363837.996383446,0.1379,47443.088908723,-0.0538,1557.963172704,-0.6824,50203.781169035,0.024
,01/2021,464822.128432056,0.0642,367545.249381323,0.0865,46876.925771973,-0.0413,1545.649747548,-0.6218,48854.303531211,0.0731
,02/2021,421187.091256845,0.0818,342874.741426226,0.1047,36870,-0.0012,716.874909184,-0.6084,40724.947423618,0.0267
,03/2021,400203.510156787,0.0916,318122.071702473,0.0854,39219,0.1359,820.821771016,-0.346,42042.169573943,0.1139
,04/2021,406313.102071748,0.3092,323532.318253805,0.2221,39616.027953552,0.9234,830.799680464,16.4564,42333.956183927,0.6598
,05/2021,389466.759458003,-0.0103,317190.543675242,0.0054,32534.048810691,-0.1184,361,-0.1781,39381.16697207,-0.0266
,06/2021,369965.360049722,-0.0665,308656.056108838,-0.0127,27297.472771631,-0.3106,139.986885559,-0.8042,33871.844283695,-0.203
,07/2021,312660.455979698,-0.198,271780,-0.1143,18345.848467453,-0.5381,91.086202942,-0.926,22442.997609107,-0.4299
,08/2021,290050.096259269,-0.337,259168.03301114,-0.2533,15014.851403089,-0.669,50.78956041,-0.9756,15816.42228463,-0.6418
,09/2021,302945.536638114,-0.2841,266008.578699631,-0.2097,18760.060344922,-0.5362,95.088727787,-0.9239,18081.808865774,-0.5958
,10/2021,373795.854465312,-0.1952,319629.300646858,-0.135,26777.810396173,-0.3703,410.503776458,-0.6337,26978.239645823,-0.4699
,11/2021,438419.855126745,-0.1224,358695.399587213,-0.0592,36624.131615594,-0.3336,607,-0.5593,42494.007868812,-0.3797
,12/2021,463042.829633908,0.0106,363837.996383446,0.037,47443.088908723,-0.0997,1557.963172704,-0.3473,50203.781169035,-0.0716
,01/2022,454200.800265895,0.0126,368556.002068788,0.0435,40762.118132069,-0.1195,1012.675800282,-0.3565,43870.004264756,-0.0813
,02/2022,425810.82953856,0.0309,341592.993464965,0.0242,42141.087367486,0.1258,1058.294718562,0.3942,41019,-0.0068
,03/2022,441928.225289538,0.0944,355531.695563304,0.1065,42562.07001852,0.0586,1011.193744716,0.2994,42823.265962999,0.0322
,04/2022,457964.302037348,0.121,365706,0.1238,45302.864841337,0.1482,1240.989934231,0.4937,45713.836415501,0.0672
,05/2022,465329.973660268,0.2255,368943.893571179,0.1834,48982.76012779,0.6927,1791.471737161,3.2429,45611.848224138,0.1512
,06/2022,474620.218936663,0.2731,374602.00615476,0.2103,51236.78297183,0.7996,2590.1,16.5938,46191.272418326,0.3521
,07/2022,478150.777070043,0.4263,373508.467427838,0.2938,53314.898113176,1.3475,3399.347267775,34.5058,47928.064261255,1.0756
,08/2022,479124.743028076,0.5019,372276.537538748,0.319,52960.030285155,1.8529,3125.255908789,64.369,50762.919295384,1.9721
,09/2022,479375.033119667,0.3611,374708.146721444,0.1992,45381.350426627,1.2911,2340.69197029,31.0624,56944.844001307,1.5421
,10/2022,501158.465589536,0.1715,386901.800626626,0.0964,51924.39611774,0.5244,2477,4.2399,59854.725529773,0.5251
,11/2022,497623.793764023,0.1746,389495.743299813,0.107,46898.184433306,0.519,2012.207250909,3.0869,59217.658779995,0.4148
,12/2022,517660.095727582,0.1713,402808.02573482,0.1276,53115.903849643,0.3335,2109.905517543,1.1325,59626.260625577,0.3687
,01/2023,512320.508014117,0.1995,404346.715667319,0.1815,55427.190149309,0.3734,2586.056550622,1.1343,49960.545646867,0.1681
,02/2023,491620.856994697,0.1316,387159.300247196,0.105,52298,0.2731,2026.850918284,0.9469,50137.273970876,0.1866
,03/2023,492605.778061935,0.1344,388797.489262314,0.1128,52245.352475891,0.2551,2131.996268555,1.1391,49430.940055174,0.1694
,04/2023,511507.489756163,0.1152,403971.611497916,0.0968,53454.081220329,0.2109,2322.659706145,0.8602,51759.137331773,0.147
,05/2023,503058.653295479,0.1154,395990.985011378,0.1095,53676.937473002,0.1208,2583.961606231,0.4029,50806.769204868,0.146
,06/2023,506479.735237673,0.0654,397754.840916777,0.0597,53812.93039917,0.0651,3321.189108143,0.0784,51590.774813583,0.1112
,07/2023,510910.476098579,0.0711,397472.367050917,0.07,56669.901781156,0.0567,3629.044036514,0.0649,53139.163229993,0.0963
,08/2023,512211.655393856,0.0757,394127.684001049,0.0746,59022.059946974,0.108,3801.724694778,0.2135,55260.186751056,0.0423
,09/2023,528380.769840914,0.0747,406355.420529302,0.074,59319.840816239,0.1372,4020.532266057,0.4493,58684.976229317,0.0021
,10/2023,545231.451502481,0.0702,419044.850664842,0.0673,59581.970378958,0.1494,3913.495051388,0.5143,62691.135407293,0.0019
,11/2023,551714.380208089,0.101,426255.975005775,0.0911,58560.013022781,0.1832,3824.202316261,0.7094,63074.189863271,0.0728
,12/2023,515951.98924567,0.093,393686.742586739,0.0857,57804.464080391,0.1194,4832.753090172,0.7129,59628.029488368,0.0964
,01/2024,521781.609077941,0.0811,404590.927521483,0.0732,58645.566157949,0.1022,4335.726148003,0.185,54209.389250507,0.1122
,02/2024,506542.1,0.0849,392957.816162365,0.0701,57898.341556086,0.1843,4738.658337433,0.5998,50947.3428684,0.0633
,03/2024,511948.550278718,0.0917,394437.797805299,0.076,59363.860211742,0.1577,5090.431293211,0.6611,53057,0.1057
,04/2024,520142.545870354,0.0904,403828.534435585,0.0716,59842.769828557,0.1906,5104.709031838,0.5756,51366.532574374,0.0957
,05/2024,516774.609545039,0.0948,399693.853497293,0.082,59986.910040169,0.1696,5021.23924701,0.343,52072.606760568,0.0946
,06/2024,521247.185803443,0.0915,401088.821864979,0.0809,61189.965025471,0.1686,5314.095055384,0.0799,53654.30385761,0.0912
,07/2024,524336.572689659,0.0941,401789.467342938,0.086,61847,0.139,5686.528922901,0.0684,55014.078759909,0.1083
,08/2024,529241.810991702,0.0789,404976.899502176,0.0746,62448.1,0.0971,5256.777925031,0.0712,56559.974373063,0.0911
,09/2024,532881.018979433,0.0763,410159.195823361,0.077,59872.224031527,0.0794,4900.131413165,0.0186,57949.46771138,0.0736
,10/2024,557480.11720475,0.0712,427784.883568093,0.0736,62545.975921468,0.0651,5805.338866238,-0.0186,61343.918848952,0.0681
,11/2024,559992.587687579,0.0875,429042.749400211,0.0827,63236.458549136,0.1289,5281.877873298,0.1249,62431.501864935,0.0772
,12/2024,558421.085798235,0.0935,424215.526389145,0.0902,65356.037338607,0.1307,5369.454014988,0.0985,63480.068055495,0.0787
,01/2025,575830.289092192,0.0946,445922.462494248,0.0857,65835.16525381,0.1477,7031.579021885,0.1733,57041.08232225,0.0976
,02/2025,561508.717131344,0.0943,431357.119010823,0.0831,65518.641962254,0.1266,6929,0.1734,57704.475632709,0.1361
,03/2025,565610.659266998,0.1084,432359.691048955,0.0919,67718.228605426,0.1643,7323.064070171,0.2509,58209.675542447,0.1543
,04/2025,572388.91024355,0.1115,436234.055523306,0.0877,69824.76118007,0.1876,8503.85,0.4613,57826.243540174,0.1696
,05/2025,571213.852975527,0.1022,434052.56852732,0.0802,70464.81699844,0.191,8078.4,0.35,58618.067449767,0.1428
,06/2025,570364,0.0828,433212,0.0674,70330,0.1407,7441,0.2394,59382,0.1146
,07/2025,573342.356205337,0.092,433774.4,0.077,71766.375858957,0.163,8013.670947442,0.126,59787.79252331,0.114
,08/2025,588192.12312741,0.1059,448325.362547939,0.1023,70975.683977167,0.1315,7840.16290534,0.1522,61050.913696964,0.098
,09/2025,587042.3053007908,,446033.19314666366,,71521.87542076738,,8000.5,,61486.67170406333,
